line_name,type,stops,frequency (7:30),length (Time),Length (km),year,east_west,info
A1,autobus,"Moabit, Waldstr. Ecke Turmstr. - Otto-Suhr-Allee Ecke Cauerstr. - Kurfürstendamm Ecke Konstanzerstr. - U-Bhf. Fehrbellinerplatz - Detmolderstr. Ecke Blissestr. - Breitenbachplatz - Botanischer Garten - Pacelli/Theilallee - Clayallee Ecke Königin-Luise-Str. - U-Bhf. Oskar-Helene-Heim - Potsdamerstr. Ecke Clayallee - Rathaus Zehlendorf - Beeskowdamm Ecke Goerzallee - Wismarerstr. Ecke Lindenstr. - Lindenstr. Ecke Müllerstr.",15,58,,1967,west,
A2,autobus,"Hardenbergplatz - Spichernstr. Ecke Joachimstalerstr. - Berlinerstr. Ecke Bundesallee - Bundesplatz - Friedrich-Wilhelm-Platz - Schloßstr. Ecke Feuerbachstr. - Alsenstr. Ecke Feuerbachstr. - Bergstr. Ecke Bismarckstr. - Steglitzerdamm Ecke Halskestr. - Leonorenstr. Ecke Albrechstr. - Lankwitz, Kirche - Havensteinstr. Ecke Gallwitzstr. - Lerbacherweg Ecke Tautenbergstr. - Trippsteinstr. - Sonderhauserstr. Ecke Hildburghauserstr.",10,39,,1967,west,
A3,autobus,"Rathaus Zehlendorf - Winifriedstr. Ecke Clayallee - U-Bhf. Oskar-Helene-Heim - U-Bhf. Onkel-Toms-Hütte - U-Bhf. Krumme Lanke - Bhf. Lindenthalerallee - Benschallee Ecke Potsdamerchaussee - Schopenhauerstrasse Ecke Spanischeallee - Borussenstr. Ecke Kronprizessinnenweg - Badeweg - Bhf. Wannsee - Am Großen Wannsee Ecke Königstr. - Pfaueninsel-Chaussee Ecke Königstr. - Rathaus Wannsee - Stölpchensee, Wilhelmplatz",10,39,,1967,west,
A10,autobus,"Haselhorst, Kirche - Paulsternstr. - Verwaltungs-Gebäude - Spandauerdamm - U-Bhf. Kaiserdamm - Amtsgericht - Kurfürstendamm Ecke Joachimsthalerstr. - Henriettenplatz - Elsterplatz - Königin-Luise-Str. Ecke Pacelliallee - U-Bhf. Thielplatz - Berlinerstr. Ecke Unter den Eichen - Teltowerdamm Ecke Machnowerstr. - Behring-Krankenhaus - Lupsteinerweg",10,62,,1967,west,
A11,autobus,Saargemünderstr. Ecke Clayallee - U-Bhf. Oskar-Helene-Heim - Ihnestr. - Corrensplatz - Unter den Eichen Ecke Habelschwerdter-Allee - Gardeschützweg Ecke Drakestr. - Ringstr. - Wiesenbaude - Ostpreußendamm Ecke Wilhelmstr. - Kranoldplatz - Hildburghauserstr. - Alt-Marienfelde Ecke Merienfelderallee - Daimlerstr. Ecke Großbeerenstr. - Körtingstr. Ecke Großbeerenstr. - U-Bhf. Alt-Mariendorf,7,39,,1967,west,
A12,autobus,Gartenstr. Ecke Bernauerstr. - Grenzstr. Ecke Gerichtstr. - U-Bhf. Leopold-Platz - U-Bhf. Seestr. - Bristolstr. Ecke Barfusstr. - Emmentalerstr. Ecke Aroserallee - Aroserallee Ecke Lindauerstr. - Tessenowstr. Ecke Oranienburgerstr. - Rathaus Reinickendorf - Cyclopstr. - Waidmannslusterdamm Ecke Oraniendamm - Almutstr. Ecke Berlinerstr. - Hermsdorferdamm Ecke Berlinerstr. - Zeltingerplatz - Donnersmarckplatz - Hainbuchenstr. Ecke Kastanienallee,15,54,,1967,west,
A13,autobus,Alt-Heiligensee Ecke Sandhauserstr. - Gabelung - Karolinenstr. Ecke Ruppinerchaussee - U-Bhf. Tegel - Bernauerstr. - Krankenhaus Tegel-Süd - Strasse nach Saatwinkel - Paulsternstr. - Daumstr. - Carl-Schurz-Str. Ecke Neuendorferstr. - Rathaus Spandau - Seebugerstr. Ecke Pichelsdorferstr. - Päwesinerweg - Heerstr. Ecke Wilhelmstr. - Weinmeisterhornweg,15,57,,1967,west,
A14,autobus,Alt-Heiligensee Ecke Sandhauserstr. - Mattenbuder Pfadchaussee Ecke Hennigsdorferstr. - Ruppinerchaussee Ecke Hennigsdorferstr. - Ruppinerchaussee & Schulzendorferstr. - Heiligenseestr. Ecke Ruppinerchaussee - U-Bhf. Tegel - Ziekowstr. Ecke Gorkistr. - Rathaus Reinickendorf - Bonhoeffer Nervenklinik - Aroserallee Ecke Lindauerallee - Kopenhagenerstr. Ecke Klemkestr. - Pankowerallee Ecke Provinzstr. - Pankstr. Ecke Badstr. - U-Bhf. Gesundbrunnen - Rügenerstr.,20,55,,1967,west,
A14E,autobus,"Alt-Heiligensee - Havelblick - Strandbad - Gemendefriedhof, Sandhauserstr. - Sperberstr. Ecke Sandhauserstr. - Falkenplatz",30,9,,1967,west,
A15,autobus,"Lübarserstr. Ecke Eichhorsterweg - Cyclopstr. Ecke Oranienburgerstr. - Alt-Wittenau Ecke Eichborndamm - Breitenbachstr. Ecke Eichborndamm - Holzhauserstr. Ecke Eichborndamm - Ernststr. Ecke Conradstr. - Gorkistr. Ecke Ziekowstr. - U-Bhf. Tegel - Hermsdorferdamm Ecke Karolinenstr. - Schulzendorferstr. - Bhf. Hermsdorf - Dominikus-Krankenhaus - Donnersmarckplatz - Zeltingerplatz - Am Pilz - Frohnau, Invalidensiedlung",20,55,,1967,west,
A16,autobus,Osloerstr. Ecke Drontheimerstr. - Louise-Schroeder-Platz - U-Bhf. Seestr. - Virchow-Krankenhaus - Fennstr. Ecke Tegelerstr. - Birkenstr. Ecke Perlebergerstr. - Wilsnackerstr. Ecke Turmstr. - Hansaplatz - Großer Stern - Lützowplatz - Nollendorfplatz - Rathaus Schöneberg - Innsbruckerplatz - Bundesplatz - Wiesbadenerstr. - Breitenbachplatz - Englerallee,12,5,,1967,west,
A17,autobus,"Grunewald, Fontanestr. - Hagenplatz - Roseneck - Warnemünderstr. - U-Bhf. Rüdesheimerplatz - Friedrich-Wilhelm-Platz - Schloßstr. Ecke Rheinstr. - Rathaus Steglitz - Stadtpark - Leonorenstr. - Stadion Lichterfelde - Ostpreußendamm Ecke Wilhelmstr. - Morgensternstr. Ecke Wilhelmstr. - Oberhoferplatz - Saaleckplatz",10,48,,1967,west,
A18,autobus,U-Bhf. Oskar-Helene-Heim - Teltowerdamm Ecke Clayallee - Lindenthalerallee Ecke Potsdamerchaussee - Spanischeallee Ecke Potsdamerchaussee - Kronprinzessinenweg Ecke Königstr. - Am Grossen Wannsee - Pfaueninsel-Chaussee - Rathaus Wannsee - Stölpchensee - Machnowerstr. Ecke Königsweg,20,31,,1967,west,
A19,autobus,Roseneck - Hagenplatz - Rathenauplatz - Henriettenplatz - Wilmersdorferstr. Ecke Kurfürstendamm - Olivaerplatz - Joachimstalerstr. Ecke Kurfürstendamm - Breitscheidplatz - Wittenbergplatz - Nollendorfplatz - Bülowstr. Ecke Potsdamerstr. - Bautzenerstr. Ecke Yorckstr. - Katzbachstr. Ecke Yorckstr. - Mehringdamm - Flughafen,10,39,,1967,west,
A20,autobus,"Tegelort - Gerlindeweg Ecke Friederikestr. - Falkenplatz - Freiheitsweg - Heiligenseestr. Ecke Konradshöherstr. - Karolinenstr. Ecke Hermsdorferdamm - U-Bhf. Tegel - Hatzfeldtallee - Martin-Luther-Friedhof - Freie Scholle - Waldhornstr. - Cyclopstr. Ecke Waidmannslusterdamm - Oraniendamm Ecke Zabel-Krüger-Damm - Am Vierrutenberg Ecke Zabel-Krüger-Damm - Lübars, Dorfaue",15,39,,1967,west,
A21,autobus,"Wilhelmsruherdamm, Sektorengrenze - Oranienburgerstr. Ecke Wilhelmsruherdamm - Alt-Wittenau Ecke Eichborndamm - Breitenbachstr. Ecke Eichborndamm - U-Bhf. Scharnweberstr. - Kurt-Schumacher-Platz - Kaserne Südtor - Heckerdamm Ecke Kurt-Schumacher-Damm - DRK-Krankenhaus - Luisenplatz - Kantstr. - Stuttgarterplatz - Amtsgericht Charlottenburg - Kurfürstendamm Ecke Joachim-Friedrichstr. - Bhf. Hohenzollerndamm - U-Bhf. Fehrbellinerplatz",15,52,,1967,west,
A21E,autobus,Alt-Wittenau Ecke Eichborndamm - Oranienburgerstr. Ecke Wilhelmsruherdamm - Finisterwegstr. Ecke Eichhorsterweg - Schorfheidestr. Ecke Wilhelmsruherdamm - Tramperweg Ecke Dannenwalderweg - Senftenberger Ring,15,16,,1967,west,
A24,autobus,Wiebestr. - Gotzkowskystr. Ecke Turmstr. - Stromstr. Ecke Turmstr. - Rathenowerstr. Ecke Turmstr. - Alt-Moabit Ecke Paulstr. - John-Foster-Dulles-Allee Ecke Spreeweg - Tiergartenstr. - Lützowplatz - Potsdamerstr. Ecke Schöneberger Ufer - Hafenplatz - Askanischerplatz - U-Bhf. Hallesches Tor - Alexandrinenstr. Ecke Neuenburgerstr. - Gneisenaustr. Ecke Zossenerstr. - Columbiadamm Ecke Friesenstr. - Flughafen,15,39,,1967,west,
A25,autobus,"Unionplatz - Gotzkowskybrücke - Hansaplatz - U-Bhf. Ernst-Reuter-Platz - Bhf. Zoo, Jebensstr. - Berlinerstr. Ecke Bundesallee - Bundesplatz - Kaisereiche - Grazerplatz - Attilaplatz - Tempelhoferdamm Ecke Ordensmeisterstr. - Gottlieb-Dunkel-Str. Ecke Germaniastr. - Britzerdamm Ecke Tempelhoferweg - U-Bhf. Parchimerallee - Grünerweg Ecke Buschkrugallee",10,59,,1967,west,
A28,autobus,U-Bhf. Tempelhof - Boelckestr. Ecke Manteuffelstr. - Loewenhardtdamm Ecke Boelckestr. - Dudenstr. Ecke Katsbachstr. - Yorckstr. Ecke Großbeerenstr. - U-Bhf. Mehringdamm - Zossenerstr. Ecke Gneisenaustr. - Südstern - Urban-Krankenhaus - U-Bhf. Prinzenstr. - U-Bhf Kottbusser Tor - Oranienstr. Ecke Adalbertstr. - Mariannenplatz - U-Bhf. Schlesisches Tor - Heckmannufer,15,35,,1967,west,
A29,autobus,Roseneck - Berkaerstr. - Bismarckplatz - Henriettenplatz - Joachim-Friedrich-Str. Ecke Kurfürstendamm - Wilmersdorferstr. Ecke Kurfürstendamm - Olivaerplatz - Uhlandstr. Ecke Kurfürstendamm - Joachimstalerstr. Ecke Kurfürstendamm - Breitscheidplatz - Wittenbergplatz - Lützowplatz - Lützowstr. Ecke Potsdamerstr. - Askanischerplatz - U-Bhf. Kochstr. - Oranienplatz,10,40,,1967,west,
A31,autobus,U-Bhf. Ruhleben - Stresowplatz - Rathaus Spandau - Nauenerstr. - Magistratsweg - Heidebergplan,20,28,,1967,west,
A32,autobus,"Breitenbachplatz - Rathaus Steglitz - Leonorenstr. Ecke Kaiser-Wilhelm-Str. - Lankwitz, Kirche - Marienfelderallee Ecke Hildburghauserstr. - Marienfelde, Bahnstr.",6,28,,1967,west,
A33,autobus,Berlinickestr. Ecke Albrechtstr. - Handjeryplatz - Heinrich-Seidel-Str. Ecke Steglitzerdamm - Kaiserstr. Ecke Gersdorferstr. - Mariendorferdamm Ecke Kaiserstr. - Dirschelweg Ecke Rixdorferstr.,7,20,,1967,west,
A34,autobus,"Spandau, Wasserwerk - Spandau, Friedhof - Askanierring Ecke Falkenhagenerstr. - Wröhmännerpark - Rathaus Spandau - Wilhelmstr. Ecke Pichelsdorferstr. - Adamstr. Ecke Pichelsdorferstr. - Heerstr. Ecke Gatowerstr. - Weinmeisterhornweg Ecke Gatowerstr. - Gatow, Kirche - Großglienickerweg Ecke Alt-Gatow - Krankenhaus Hohengatow - Krankenhaus Havelhöhe - Alt-Kladow Ecke Kladowerdamm - Schwiezerhaus - Gutshof",20,51,,1967,west,
A34E,autobus,Alt-Gatow Ecke Groß-Glienickerweg - Siedlung Habichtswald,17,8,,1967,west,
A35,autobus,"U-Bhf. Ruhleben - Teltowerstr. Ecke Ruhlebenerstr. - Kroweistr. Ecke Weißenburgerstr. - Adamstr. Ecke Wilhelmstr. - Heerstr. Ecke Gatowerstr. - Weinmeisterhornweg Ecke Gatowerstr. - Gatow, Kirche - Krankenhaus Hohengatow - Krankenhaus Havelhöhe - Alt-Kladow Ecke Kladowerdamm - Krampnitzerweg Ecke Sakrower Landstr. - Hottengrund",20,35,,1967,west,
A35E,autobus,"Altenheim Hottengrund - Pottensteinerweg Ecke Selbitzerstr. - Selbitzerstr. Ecke Krampnitzerweg - Kladow, Dorfplatz - Alt-Kladow Ecke Kladowerdamm",40,7,,1967,west,
A4,autobus,Brixplatz - Theodor-Heuss-Platz - Messedamm - Henriettenplatz - Hochmeisterplatz - U-Bhf. Fehrbellinerplatz - Bundesallee Ecke Badenischestr. - Rathaus Schöneberg - Hauptstr. Ecke Dominicusstr. - Kaiser-Wilhelm-Platz - U-Bhf. Flughafen - Friesenstr. Ecke Columbiadamm - U-Bhf. Boddinstr. - Kienitzerstr. Ecke Hermannstr. - U-Bhf. Karl-Marx-Str. - Sonnenallee Ecke Erkstr. - Teuptitzerstr. Ecke Kiehl-Ufer,10,55,,1967,west,
A41,autobus,"Gradestr. Ecke Tempelhoferweg - U-Bhf. Blaschko-Allee - Parachimerallee Ecke Buschkrugallee - Grünerweg Ecke Buschkrugallee - Krankenhaus Neukölln - Zwickauerdamm Ecke Neuköllnerstr. - Schönefelderstr. Ecke Neuköllnerstr. - Rudow Stadtgrenze, Waltersdorferchaussee",20,27,,1967,west,
A48,autobus,"Potsdamerstr. Ecke Fischerhüttenstr. - Teltowerdamm Ecke Potsdamerstr. - Sundgauerstr. Ecke Berlinerstr. - Dahlemerweg Ecke Berlinerstr. - Drakestr. Ecke Unter den Eichen - Hindenburgdamm Ecke Schloßstr. - Rathaus Steglitz - Bundesallee Ecke Rheinstr. - Kaisereiche - Innsbruckerplatz - Kaiser-Wilhelm-Platz - Goeben-/Pallasstr. - U-Bhf. Bülowstr. - Philharmonie, Tiergartenstr.",12,39,,1967,west,
A5,autobus,U-Bhf. Ruhleben - Stresowplatz - Rathaus Spandau - Falkenseerchaussee - Waldkrankenhaus - Nervenklinik,10,30,,1967,west,
A50,autobus,Roseneck - Forckenbeckstr. Ecke Hohenzollerndamm - Rudolfstadtstr. Ecke Hohenzollerndamm - U-Bhf. Fehrbellinerplatz - Uhlandstr. Ecke Güntzelstr. - Bundesallee Ecke Trautenaustr. - Martin-Luther-Str. Ecke Hohenstaufenstr. - Potsdamerstr. Ecke Pallasstr. - Goebenstr. Ecke Bülowstr.,10,25,,1967,west,
A51,autobus,Bhf. Wannsee - Königstr./Kronprinzessinnenweg - Am Grossen Wannsee - Koblanckstr. - Colomierstr. - Krankenhaus Wannsee - Zum Heckeshorn - Krankenhaus Heckeshorn,29,10,,1967,west,
A52,autobus,"Marienfelde, Stadtrandsiedlung - Alt-Marienfelde Ecke Marienfelderallee - Kettingerstr. Ecke Alt-Marienfelde - Lichtenraderdamm Ecke Buckowerchaussee - Bühlerweg Ecke Marienfelderchaussee - Buckower Friedhof - Buckowerdamm Ecke Alt-Buchow - Tischlerzeile Ecke Wildmeisterdamm - Imbuschweg Ecke Johannisthalerchaussee - Rudowerstr. Ecke Johannisthalerchaussee - Efeuweg Ecke Rudowerstr. - Strasse 484 Ecke Neuköllnerstr. - Köpenickerstr. - Friedhof Rudow - Mimosenweg - Stubenrauchstr. Ecke Kanalstr.",15,46,,1967,west,
A53,autobus,"Nikolassee, Alemannenstr. - Krottnaurerstr. Ecke Alemannenstr. - Waldemarplatz - Argentinischeallee Ecke Fischerhüttenstr. - U-Bhf. Krumme Lanke - Teltowerdamm Ecke Berlinerstr. - Rathaus Zehlendorf - Knesebeckstr. Ecke Seehofstr. - Dahlemerweg Ecke Seehofstr. - 4. Ring - Luzernerstr. - Thunerplatz - Wiesenbaude - Ostpreußendamm Ecke Königsbergerstr. - Oberhoferplatz",20,40,,1967,west,
A54,autobus,"Zoo, Hardenbergplatz - Ernst-Reuter-Platz - Cauerstr. Ecke Otto-Suhr-Allee - Richard-Wagner-Platz - Luisenplatz - Fürstenbrückerweg Ecke Spandauerdamm - Schloß Ruhwald - U-Bhf. Ruhleben - Teltowerstr. Ecke Ruhlebenerstr. - Rathaus Spandau - Spandau, Markt - Wröhmännerpark - Lynastr. Ecke Schönwalderstr. - Hohenzollernring Ecke Schönwalderstr. - Johannesstift",10,43,,1967,west,
A55,autobus,"Zoo, Hardenbergplatz - Ernst-Reuter-Platz - Cauerstr. Ecke Otto-Suhr-Allee - Richard-Wagner-Platz - Luisenplatz - Osnabrückerstr. Ecke Tauroggenerstr. - Landgericht - Jakob-Kaiser-Platz - Quellweg Ecke Nonnendammallee - Paulsternstr. Ecke Gartenfelderstr. - Zitadellenweg Ecke Am Juliusturm - Carl-Schurz-Str. Ecke Am Juliusturm - Wröhmannerpark - Hohenzollernring Ecke Neundorferallee - Hakenfelde",15,48,,1967,west,
A56,autobus,"U-Bhf. Ruhleben - Stresowplatz - Spandau, Markt - Wröhmännerpark - Hohenzollernring Ecke Neundorferallee - Hakenfelde",20,24,,1967,west,
A6,autobus,Bhf. Wannsee - Königstr. - Pfaueninselchaussee Ecke Königstr. - Rathaus Wannsee - Friedenstr. - Schäferberg - Nikolskoerweg - Glienicker Brücke,30,13,,1967,west,
A60,autobus,"Roseneck, Hundekehl - Warnemünder/Berkaerstr. - Zappoter/Oeynhauserstr. - U-Bhf. Heidelbergerplatz - Blissestr. Ecke Mecklenburgischestr. - Berlinerstr. Ecke Uhlandstr. - Hohenzollerndamm Ecke Uhlandstr. - Bundesallee Ecke Lietzenburgerstr. - Augsburgerstr., Nürnbergerstr. - Breitscheidplatz - Wittenbergplatz",12,24,,1967,west,
A61,autobus,"U-Bhf. Scharnweberstr. - U-Bhf. Kurt-Schumacher-Platz - Aroserallee Ecke Lindauerallee - Pankowerallee Ecke Residenzstr. - Osloerstr. Ecke Schwedenstr. - Pankstr. Ecke Badstr. - Bhf. Gesundbrunnen - Usedomerstr. Ecke Brunnenstr. - Bernauerstr. Ecke Brunnenstr. - Gartenplatz, Feldstr.",12,32,,1967,west,
A62,autobus,Wittenau - Alt-Wittenau Ecke Oranienburgerstr. - Bonhoeffer-Heim - Auguste-Viktoria-Allee Ecke Ollenhauerstr. - U-Bhf. Kurt-Schumacher-Platz - Saatwinklerdamm - Heckerdamm Ecke Kurt-Schumacher-Damm - Olbersstr. Ecke Tegelerweg - Luisenplatz - Richard-Wagner-Platz - Leibnizstr. Ecke Otto-Suhr-Allee - U-Bhf. Ernst-Reuter-Platz - Steinplatz - Hardenbergplatz,15,34,,1967,west,
A63,autobus,Radelandstr. Ecke Niederheideweg - Kisselnallee Ecke Pionierstr. - Zweibrückerstr. Ecke Falkenseerchaussee - Rathaus Spandau - Hochgerichtstr. Ecke Seegefelderstr. - Seegefelderweg,15,30,,1967,west,
A64,autobus,Teichstr. Ecke Gotthardstr. - Seestr. Ecke Afrikanischestr. - U-Bhf. Amrumerstr. - Müllerstr. Ecke Luxemburgerstr. - Reinickendorferstr. Ecke Schulstr. - Pankstr. Ecke Badstr. - U-Bhf. Gesundbrunnen - Vinetaplatz,10,29,,1967,west,
A65,autobus,Goebelplatz - Kurt-Schumacher-Damm - Jakob-Kaiser-Platz - Spandauerdamm Ecke Stadtautobahn - Messedamm - Rathenauplatz - Hohenzollerndamm Ecke Stadtautobahn - Bundesplatz - Innsbruckerplatz - Sachsendamm Ecke Ebersstr. - Tempelhoferdamm Ecke Alt-Tempelhof - Oberlandstr. Ecke Germaniastr. - Hermannstr. Ecke Silbersteinstr. - Karl-Marx-Str. Ecke Saalestr. - Schulenburgpark,12,52,,1967,west,
A66,autobus,"Doppel-Süd, Berlepschstr. - Ludwigsfelderstr. Ecke Berlepschstr. - Machnowerstr. Ecke Berlepschstr. - Clayallee Ecke Berlinerstr. - Schützallee Ecke Onkel-Tom-Str. - U-Bhf. Onkel-Toms-Hütte",15,17,,1967,west,
A67,autobus,Mehringplatz - Oranienstr. Ecke Lindenstr. - Moritzplatz - Oranienplatz - U-Bhf. Kottbusser Tor - Hermannplatz - Erkstr. Ecke Sonnenallee - Hertzbergplatz - Saalestr. Ecke Sonnenallee - Dammweg Ecke Sonnenallee - Karl-Marx-Str. Ecke Grenzallee - Blaschkoallee Ecke Buschkrugallee - Parchimerallee Ecke Buschkrugallee - Kormoranweg Ecke Rudowerstr. - Johannisthalerchaussee Ecke Rudowerstr. - Wutzkyallee Eckestr. 484,10,38,,1967,west,
A68,autobus,Clayallee Ecke Königin-Luise-Str. - Thielallee/Pacelliallee - U-Bhf. Dahlem-Dorf - Arnimallee - Botanischer Garten - Lepsiusstr. - Rathaus Steglitz - Breitestr. Ecke Albrechtstr. - Bismarckstr. Ecke Bergstr. - Munsterdamm Ecke Bergstr. - Alboinstr. Ecke Prellerweg - Attilaplatz - Tempehoferdamm Ecke Friedrich-Karl-Str. - Kaiserin-Augusta-Str. Ecke Tempelhoferdamm - Alt-Tempelhof Ecke Tempelhoferdamm - Bhf. Tempelhof,15,35,,1967,west,
A69,autobus,"Eichkamp, Dauerwaldweg - Deutschlandhalle - Henriettenplatz - Joachim-Friedrich-Str. Ecke Kurfürstendamm - Wilmersdorferstr. Ecke Kurfürstendamm - Olivaerplatz - Uhlandstr. Ecke Kurfürstendamm - Joachimstalerstr. Ecke Kurfürstendamm - Nürnbergerstr. Ecke Kurfürstenstr. - Keithstr. Ecke Schillstr. - Lützowplatz - Tiergartenstr. - Großer Stern - Kongreßhalle - Moltkebrücke",20,33,,1967,west,
A70,autobus,Bhf. Wollankstr. - Osloerstr. Ecke Prinzenallee - Badstr. Ecke Pankstr. - Gerichtstr. Ecke Reinickdorferstr. - Weddingplatz - Rathenowerstr. Ecke Perlebergerstr. - Turmstr. Ecke Rathenowerstr. - Stromstr. Ecke Turmstr. - Rathaus Tiergarten - Waldstr./Gotzkowskystr. - Beusselstr. Ecke Huttenstr. - Wiebestr. Ecke Sickingenstr.,10,28,,1967,west,
A71,autobus,"Wilhelmsruh, Kopenhagenerstr. - Lindauerallee Ecke Residenzstr. - Schäfersee, Pankowerallee - Provinzstr./Pankowerallee - Osloerstr. Ecke Prinzenallee - Pankstr. Ecke Badstr. - Bhf. Gesundbrunnen - Usedomerstr. Ecke Brunnenstr. - Bernauerstr. Ecke Brunnenstr. - Vinetaplatz",15,23,,1967,west,
A72,autobus,Alt-Reinickendorf Ecke Rödernallee - Lindauerstr. Ecke Residenzstr. - Pankowerallee Ecke Residenzstr. - Luise-Schröder-Platz - Nauenerplatz - Weddingplatz - Rathenowerstr. Ecke Perlebergerstr. - Turmstr. Ecke Stromstr. - Waldstr. Ecke Turmstr. - Wiebestr. Ecke Kaiserin-Augusta-Allee - Tauroggenerstr. Ecke Osnabrückerstr. - Landgericht - Jakob-Kaiser-Platz - Quellweg Ecke Nonnendammallee - Paulsternstr. Ecke Gartenfelderstr. - Gartenfeld,15,46,,1967,west,
A73,autobus,Bhf. Zoo - Wittenbergplatz - Motzstr. Ecke Martin-Luther-Str. - Grunewaldstr. Ecke Martin-Luther-Str. - Rathaus Schöneberg - Hauptstr. Ecke Dominicusstr. - Ebersstr. Ecke Dominicusstr. - Reichartstr. Ecke Sachsendamm - Berlinickeplatz - Tempelhoferdamm Ecke Alt-Tempelhof - Rohdestr. Ecke Germaniastr. - Gottlieb-Dunkel-Str. Ecke Tempelhoferweg - Britzerdamm Ecke Gradestr. - U-Bhf. Blaschko-Allee - Buschkrug Alle Ecke Blaschko-Allee,10,35,,1967,west,
A74,autobus,"Königin-Elisabeth-Str., Adenauerdamm - Spandauerdamm - Klausenerplatz - Schlossstr. Ecke Seelingstr. - Sophie-Charlotten-Platz - Kaiser-Friedrich-Str. Ecke Stuttgarterplatz - Stuttgarterplatz Ecke Wilmersdorferstr. - Kurfürstendamm Ecke Wilmersdorferstr. - Fehrbellinerplatz - Bundesallee Ecke Berlinerstr. - Martin-Luther-Str. - Rathaus Schöneberg - Hauptstr. (Schöneberg) - Reichartstr. Ecke Sachsendamm - Egelingzeile - Eythstr.",15,41,,1967,west,
A75,autobus,Munsterdamm Ecke Steglitzerdamm - Bismarckstr. Ecke Bergstr. - Lauenburgerplatz - Kaisereiche - Innsbruckerplatz - Dominicusstr. Ecke Hauptstr. - Kaiser-Wilhelm-Platz - U-Bhf. Bülowstr. - Am Karlsbad - Askanischerplatz - U-Bhf. Kochstr. - Lindenstr. Ecke Oranienstr. - U-Bhf. Moritzplatz - Spreewaldplatz - Sonnenallee Ecke Pannierstr. - Hermannplatz,10,47,,1967,west,
A76,autobus,Blohmstr. Ecke Illigstr. - Moltkestr. Ecke Bahnhofstr. - Goethestr. Ecke Lichtenraderdamm - Buckowerchaussee Ecke Lichtenraderdamm - Mariendorferdamm Ecke Säntisstr. - Rennbahn - Alt-Mariendorf Ecke Mariendorferdamm - Großbeerenstr. Ecke Rathausstr. - Prühßstr. Ecke Ringstr. - Attilastr. Ecke Röblingstr. - Priesterweg Ecke Prellerweg - Göttingerstr. Ecke Thorwaldstr. - Bismarckstr. Ecke Feuerbachstr. - Walter-Schreiber-Platz,7,37,,1967,west,
A77,autobus,"Bergiusstr. Ecke Haberstr. - U-Bhf. Grenzallee - U-Bhf. Neukölln - Hermannstr. Ecke Marienfelderweg - Germaniastr. Ecke Gottlieb-Dunkel-Str. - Eisenacherstr. Ecke Rixdorferstr. - U-Bhf. Alt-Mariendorf - Lankwitzerstr. Ecke Großbeerenstr. - Marienfelderallee Ecke Großbeerenstr. - Marienfelde, Daimlerstr. Ecke Hollabergweg",20,29,,1967,west,
A78,autobus,U-Bhf. Alt-Mariendorf - Rennbahn - Säntisstr. Ecke Mariendorferdamm - Quarzweg Ecke Tauernallee - Marienfelderchaussee Ecke Quarzweg - Buckowerdamm Ecke Alt-Buckow,10,16,,1967,west,
A79,autobus,Leopoldplatz - Reinickendorferstr. Ecke Schulstr. - Osloerstr. Ecke Schwedenstr. - Pankowerallee Ecke Markstr. - Mittelbruchzeile Ecke Reginhardstr. - Raschdorffstr. Ecke Reginhardstr. - Sommerstr. Ecke Klemkestr.,15,18,,1967,west,
A80,autobus,U-Bhf. Ruhleben - Stresowplatz - Rathaus Spandau - Nauenerstr. Ecke Brunsbüttelerdamm - Magistratsweg Ecke Brunsbüttelerdamm - Nennhauserdamm Ecke Brunsbüttelerdamm,15,26,,1967,west,
A81,autobus,"Bhf. Zoo, Hardenbergplatz - U-Bhf. Spichernstr. - Berlinerstr. Ecke Joachimstalerstr. - Bundesplatz - Friedrich-Wilhelm-Platz - Schloßstr. Ecke Feuerbachstr. - Alsenstr. Ecke Bismarckstr. - Bergstr. Ecke Bismarckstr. - Bismarckstr. Ecke Steglitzerdamm - Leonorenstr. Ecke Kaiser-Wilhelm-Str. - Lankwitz, Kirche - Alt-Lankwitz, Dorfaue - Alt-Mariendorf Ecke Mariendorferdamm - Imbrosweg Ecke Goldenes Horn - Imbrosweg Ecke Dardanellenweg",10,45,,1967,west,
A82,autobus,"Alt-Lichtenrade Ecke Goethestr. - Halker Zeile Ecke Goethestr. - Marienfelderstr. Ecke Halker Zeile - Simpsonweg - Illigstr. Ecke Schichauweg - Blohmstr. Ecke Illigstr. - Prinzessinenstr. Ecke Wünzdorferstr. - Mozartstr. Ecke Wolziger Zeile - Paplitzerstr. Ecke Horstwalderstr. - Kirchhainerdamm Ecke Wittelsbacherstr. - Bayerischestr. Ecke Wittelsbacherstr. - Münchenerstr. Ecke Bambergerstr. - Würzburgerstr. Ecke Alt-Lichtenrade - Alt-Lichtenrade, Dorfaue - Potsdamerstr. Ecke Goethestr.",20,28,,1967,west,
A83,autobus,"Nettelbeckplatz - Weddingplatz - Heidestr. Ecke Fennstr. - Washingtonplatz - Potsdamerstr. Ecke Verbindungsstr. - U-Bhf. Bülowstr. - Kaiser-Wilhelm-Platz - Innsbruckerplatz - Grazerplatz - Bergstr. Ecke Thorwaldstr. - Steglitzerdamm Ecke Munsterdamm - Lankwitz, Kirche - Malteserstr. Ecke Paul-Schneider-Str. - Belßstr. Ecke Malteserstr. - Belßstr. Ecke Prezsingstr.",10,48,,1967,west,
A84,autobus,Ringstr. Ecke Pestalozziplatz - Kadettenweg Ecke Finckensteinallee - Wiesenbaude - Krahmerstr. Ecke Hindenburgdamm - Klingsorstr. Ecke Hindenburgdamm - Rathaus Steglitz - Bundesallee Ecke Rheinstr. - Innsbruckerplatz - Ebersstr. Ecke Hauptstr. - Dominicusstr. Ecke Hauptstr. - Kaiser-Wilhelm-Platz - Gotenstr. Ecke Torgauerstr.,12,33,,1967,west,
A85,autobus,"Bhf. Zoo, Hardenbergplatz - Wittenbergplatz - Grunewaldstr. Ecke Martin-Luther-Str. - Bundesallee Ecke Berlinerstr. - Bundesplatz - Friedrich-Wilhelm-Platz - Schloßstr. Ecke Bundesallee - Rathaus Steglitz - Hindenburgdamm Ecke Schloßstr. - Händelplatz - Drakestr. Ecke Ringstr. - Rittberg-Krankenhaus - Thunerplatz - Ostpreußendamm Ecke Dorstenerstr. - Holtheimerweg",10,44,,1967,west,
A86,autobus,Invalidenstr. Ecke Heidestr. - Stromstr. Ecke Alt-Moabit - Alt-Moabit Ecke Gotzkowskystr. - Ernst-Reuter-Platz - Cauerstr. Ecke Wilmersdorferstr. - Richard-Wagner-Platz - Kantstr. Ecke Wilmersdorferstr. - Kurfürstendamm Ecke Wilmersdorferstr. - Fehrbellinerplatz - Hildegardstr. - Bundesplatz - Schloßstr. Ecke Bundesallee - Rathaus Steglitz - Hindenburgdamm Ecke Schloßstr. - Klingsorstr. Ecke Hindenburgstr. - Birkbuschstr. Ecke Siemensstr.,15,50,,1967,west,
A87,autobus,Richard-Wagner-Platz - Wilmersdorferstr. Ecke Otto-Suhr-Allee - Luisenplatz - Klausenerplatz - Spandauerdamm Ecke Sophie-Charlotten-Str. - Sophie-Charlotten-Str. Ecke Pulsstr.,20,10,,1967,west,
A88,autobus,Jungfernheideweg Ecke Siemensdamm - Goebelplatz - Kurt-Schumacher-Damm Ecke Heckerdamm - Wirmerzeile - Kurt-Schumacher-Damm Ecke Heckerdamm - Jungfernheideweg Ecke Siemensdamm,15,22,,1967,west,
A89,autobus,"Bornholmerstr., Sektorengrenze - Prinzenallee Ecke Osloerstr. - Drontheimerstr. Ecke Osloerstr. - Osloerstr. Ecke Schwedenstr. - Reinickendorferstr. Ecke Osloerstr. - U-Bhf. Seestr. - Afrikanischestr. Ecke Seestr. - Huttenstr. Ecke Beusselstr. - Tauroggenerstr. Ecke Osnabrückerstr. - Luisenplatz - Kantstr. Ecke Wilmersdorferstr. - Kurfürstendamm Ecke Wilmersdorferstr. - U-Bhf. Fehrbellinerplatz - Brandenburgischestr. Ecke Blissestr. - Bundesallee Ecke Berlinerstr. - Martin-Luther-Str. Ecke Grunewaldstr. - Potsdamerstr. Ecke Pallasstr. - U-Bhf. Mehringdamm - U-Bhf. Gneisenaustr. - Mehringplatz",10,62,,1967,west,
A90,autobus,"Bhf. Zoo, Hardenbergplatz - Ernst-Reuter-Platz - Marchbrücke - Alt-Moabit Ecke Gotzkowskystr. - U-Bhf. Turmstr. - Rathenowerstr. Ecke Alt-Moabit - Seydlitzstr. Ecke Rathenowerstr. - Am Nordhafen Ecke Tegelerstr. - Weddingplatz - Gartenstr. Ecke Grenzstr. - Hussitenstr. Ecke Usedomerdamm - Wattstr. Ecke Usedomerdamm - Vinetaplatz",15,35,,1967,west,
A91,autobus,Hermannplatz - U-Bhf. Boddinstr. - U-Bhf. Leinestr. - Mariendorferweg Ecke Hermannstr. - Gradestr. Ecke Britzerdamm - Gutschmidtstr. Ecke Buckowerdamm - Alt-Buckow Ecke Buckowerdamm,7,21,,1967,west,
A93,autobus,Waßmannsdorferchaussee Ecke Neuköllnerstr. - Eichenauerweg Ecke Waßmannsdorferchaussee - Lockenhuhnweg Ecke Waßmannsdorferchaussee - Geflügelsteig Ecke Waßmannsdorferchaussee - Rhodeländerweg Ecke Geflügelsteig - Lakenfelderweg Ecke Geflügelsteig - Groß-Ziethenchaussee Ecke Geflügelsteig - Pirnaerstr. Ecke Groß-Ziethenchaussee - Waßmannsdorferchaussee Ecke Neuköllnerstr.,15,11,,1967,west,
A94,autobus,"Bhf. Zoo, Hardenbergplatz - Savignyplatz - Leibnizstr. Ecke Kantstr. - Wilmersdorferstr. Ecke Kantstr. - Amtsgericht - Messedamm Ecke Masurenallee - Theodor-Heuss-Platz - Preußenallee - Reichssportfeldstr. Ecke Heerstr. - Scholzplatz - Stößenseebrücke - Pichelsdorferstr. Ecke Heerstr. - Gatowerstr. Ecke Heerstr. - Wilhelmstr. Ecke Heerstr. - Reimerweg Ecke Heerstr.",10,36,,1967,west,
A95,autobus,Mehringplatz - Urban-Krankenhaus - Hermannplatz - Erkstr. Ecke Sonnenallee - Saalestr. Ecke Sonnenallee - Schwarzerweg Ecke Sonnenallee,15,23,,1967,west,
A96,autobus,"Flughafen, Dudenstr. - Berlinickeplatz - Attilaplatz - Leonorenstr. Ecke Kaiser-Wilhelm-Str. - Kranoldplatz - Lindenstr. Ecke Ostpreußendamm",10,29,,1967,west,
A97,autobus,Reimerweg Ecke Heerstr. - Sandstr. Ecke Heerstr. - Wilhelmstr. Ecke Heerstr. - Gatowerstr. Ecke Heerstr. - Pichelsdorferstr. Ecke Heerstr. - Adamstr. Ecke Pichelsdorferstr. - Wilhelmstr. Ecke Klosterstr. - Rathaus Spandau - Falkenseerplatz - Wröhmännerpark - Lynastr. Ecke Neundorferstr. - Hohenzollernring Ecke Neundorferstr. - Rauchstr. Ecke Neundorferstr. - Mertensstr. Ecke Streitstr. - Aalemannufer Ecke Nieder-Neuendorferallee,20,34,,1967,west,
A98,autobus,U-Bhf. Britz-Süd - Buckowerdamm Ecke Britzerdamm - Fulhamerallee Ecke Britzerdamm - U-Bhf Parchimerallee - Grünerweg Ecke Rudowerstr. - U-Bhf. Britz-Süd,20,12,,1967,west,
A99,autobus,Brunnenstr. Ecke Lortzingstr. - U-Bhf. Gesundbrunnen - Brunnenplatz - Nettelbeckplatz - Rathenowerstr. Ecke Quitzowstr. - Unionplatz - Saatwinklerdamm Ecke Seestr. - Jakob-Kaiser-Platz - Wernerwerk - Quellweg Ecke Nonnendammallee - Paulsternstr. Ecke Nonnendammallee - Gartenfelderstr. Ecke Nonnendammallee - Carl-Schurz-Str. Ecke Seegefelderstr. - Rathaus Spandau - Hochgerichtstr. - Westerwaldstr. Ecke Falkenseerchaussee,10,48,,1967,west,
S1,autobus,"Bhf. Zoo, Hardenbergplatz - Ernst-Reuter-Platz - Cauerstr. Ecke Otto-Suhr-Allee - U-Bhf. Richard-Wagner-Platz - Wilmerdorferstr. Ecke Otto-Suhr-Allee - Luisenplatz Ecke Spandauerdamm - Schloßstr. Ecke Spandauerdamm - Fürstenbrunnerweg Ecke Spandauerdamm - U-Bhf. Ruhleben - Rathaus Spandau - Wröhmännerpark - Lynastr. Ecke Schönwalderstr. - Klinkeplatz - Hohenzollernring Ecke Schönwalderstr.",15,29,,1967,west,
S3,autobus,Hardenbergplatz - Kantstr. Ecke Joachimstalerstr. - Kurfürstendamm Ecke Joachimstalerstr. - Rankeplatz - U-Bhf. Spichernstr. - Uhlandstr. Ecke Hohenzollerndamm - Fehrbellinerplatz - Konstanzerstr. Ecke Hohenzollerndamm - Seesenerstr. Ecke Hohenzollerndamm - Elsterplatz - Roseneck - Pücklerstr. Ecke Clayallee - Königin-Luise-Str. Ecke Clayallee - U-Bhf. Oskar-Helene-Heim - Sundgauerstr. Ecke Sophie-Charlotte-Str. - Winifriedstr. Ecke Berlinerstr. - Rathaus Zehlendorf,15,29,,1967,west,
S4,autobus,"Hardenbergplatz - Savignyplatz - Leibnizstr. Ecke Kantstr. - Wilmersdorferstr. Ecke Kantstr. - Amtsgericht - Omnibusbahnhof, Neue Kantstr. - Messedamm - Spanischeallee Ecke Kronprizessinnenweg - Bhf. Wannsee - Am Großen Wannsee Ecke Königstr. - Rathaus Wannsee - Stölpchensee, Wilhelmplatz",20,39,,1967,west,
1,u-bahn,Schlesisches Tor - Görlitzer Bahnhof (Oranienstr.) - Kottbusser Tor - Prinzenstr. - Hallesches Tor - Möckernbrücke - Gleisdreieck - Kurfürstenstr. - Nollendorfplatz - Wittenbergplatz - Zoologischer Garten - Ernst-Reuter-Platz - Deutsche Oper (Bismarckstr.) - Sophie-Charlotte-Platz - Adenauerdamm (Messedamm) - Theodor-Heuss-Platz - Neu-Westend - Olympia-Stadion - Ruhleben,5,36,,1967,west,
2,u-bahn,Gleisdreieck - Bülowstr. - Nollendorfplatz - Wittenbergplatz - Augsburger Str. - Spichernstr. (Bundesallee) - Hohenzollernplatz - Fehrbellinerplatz - Heidelbergerplatz - Rüdesheimerplatz - Breitenbachplatz - Podbielskiallee - Dahlem-Dorf - Thielplatz - Oskar-Helene-Heim - Onkel Toms Hütte - Krumme Lanke,10,29,,1967,west,
3,u-bahn,Wittenbergplatz - Kurfürstendamm (Joachimstaler Str.) - Uhlandstr.,10,3,,1967,west,
4,u-bahn,Nollendorfplatz - Viktoria-Luise-Platz - Bayerischerplatz - Rathaus Schöneberg - Innsbruckerplatz (Hauptstr.),5,6,,1967,west,
5,u-bahn,Deutsche Oper (Bismarckstr.) - Richard-Wagner-Platz,10,1,,1967,west,
6,u-bahn,Tegel - Borsigwerke - Holzhauser Str. - Seidelstr. (Flughafen Tegel) - Scharnweberstr. (Eichborndamm) - Kurt-Schumacher-Platz - Afrikanische Str. (Friedrich-Ebert-Siedlung) - Rehberge - Seestr. - Leopoldplatz - Bahnhof Wedding - Reinickendorfer Str. - Bahnhof Friedrichstr. (Stadtbahn) - Kochstr. - Hallesches Tor - Mehringdamm - Platz der Luftbrücke - Paradestr. - Tempelhof - Alt-Tempelhof - Kaiserin-Augusta-Str. - Ullsteinstr. - Westpfahlweg - Alt-Mariendorf,5,41,,1967,west,
7,u-bahn,Möckernbrücke - Mehringdamm - Gneisenaustr. - Südstern - Hermannplatz - Rathaus Neukölln - Karl-Marx-Str. - Neukölln - Grenzallee - Blaschkoallee - Parchimerallee - Britz-Süd,3,17,,1967,west,
8,u-bahn,Gesundbrunnen - Voltastr. - Moritzplatz - Kottbusser Tor - Kottbusserdamm (Schönleinstr.) - Hermannplatz - Boddinstr. - Leinestr.,10,20,,1967,west,
9,u-bahn,Leopoldplatz - Amrumer Str. (Rudolf-Virchow-Krankenhaus) - Putlitzstr. (Westhafen) - Birkenstr. - Turmstr. - Hansaplatz - Zoologischer Garten - Kurfürstendamm (Joachmistaler Str.) - Spichernstr. (Bundesallee),3,10,,1967,west,
KBS 100,s-bahn,Gesundbrunnen - Wedding - Putlitzstr. - Beusselstr. - Jungfernheide - Westend - Witzleben - Westkreuz - Halensee - Hohenzollerndamm - Schmargendorf - Wilmersdorf - Innsbruckerplatz - Schöneberg - Papestr. - Tempelhof - Hermannstr. - Neukölln - Sonnenallee,0,0,,1967,west,
KBS 100a,s-bahn,Gesundbrunnen - Wedding - Putlitzstr. - Beusselstr. - Jungfernheide - Siemensstadt-Fürstenbrunn - Spandau - Spandau West - Staaken,0,0,,1967,west,
KBS 100b,s-bahn,Jungfernheide - Wernerwerk - Siemensstadt - Gartenfeld,0,0,,1967,west,
KBS 100c,s-bahn,Heiligensee - Schulzendorf (b Tegel) - Tegel - Eichbornstr. - Wittenau (Kremmener Bahn) - Reinickendorf - Schönholz - Wollankstr. - Gesundbrunnen - Humboldthain - Friedrichstr. - Anhalter Bahnhof - Yorckstr. - Papestr. - Priesterweg - Mariendorf - Marienfelde - Buckower Ch. - Lichtenrade,0,0,,1967,west,
KBS 100d,s-bahn,Gesundbrunnen - Humboldthain - Friedrichstr. - Anhalter Bahnhof - Yorckstr. - Papestr. - Priesterweg - Südende - Lankwitz - Lichterfelde Ost - Lichterfelde Süd,0,0,,1967,west,
KBS 100e,s-bahn,Frohnau - Hermsdorf - Waidmannslust - Wittenau (Nordbahn) - Wilhelmsruh - Schönholz - Wollankstr. - Gesundbrunnen - Humboldthain - Friedrichstr. - Anhalter Bahnhof - Großgörschenstr. - Schöneberg - Friedenau - Feuerbachstr. - Steglitz - Botanischer Garten - Lichterfelde West - Sundgauer Str. - Zehlendorf - Lindenthalerallee - Schlachtensee - Nikolassee - Wannsee,0,0,,1967,west,
KBS 100f,s-bahn,Zehlendorf - Düppel-Kleinmachnow,0,0,,1967,west,
KBS 100g,s-bahn,Friedrichstr. - Lehrter Stadtbahnhof - Bellevue - Tiergarten - Zoologischer Garten - Savignyplatz - Charlottenburg - Westkreuz - Eichkamp - Heerstr. - Olympiastadion - Pichelsberg - Spandau - Spandau West,0,0,,1967,west,
KBS 100h,s-bahn,Friedrichstr. - Lehrter Stadtbahnhof - Bellevue - Tiergarten - Zoologischer Garten - Savignyplatz - Charlottenburg - Westkreuz - Grunewald - Nikolassee - Wannsee,0,0,,1967,west,
KBS 100k,s-bahn,Zoologischer Garten - Savignyplatz - Charlottenburg - Halensee - Hohenzollerndamm - Schmargendorf - Wilmersdorf - Innsbruckerplatz - Schöneberg - Papestr. - Tempelhof - Hermannstr. - Neukölln - Köllnische Heide,0,0,,1967,west,
Wannsee<>Kladow (Betrieb durch Stern und Kreisschiffahrt),ferry,Kladow - Wannsee,60,19,,1967,west,
