line_name,type,east-west,Stops,Frequency,Length (time),Length (km),year,Route
1,bus,West,"Moabit, Waldstrasse Ecke Turmstrasse - Turmstrasse - Alt-Moabit - Franklinstrasse - Otto-Suhr-Allee - Bismarckstrasse - Kantstrasse - Kurfürstendamm - Olivaer Platz - U-Bhf. Konstanzer Strasse - U-Bhf. Fehrbelliner Platz - U-Bhf. Blissestrasse - Hildegardstrasse - Laubacher Strasse - U-Bhf. Breitenbachplatz - U-Bhf. Dahlem-Dorf - Pacelli-/Thielallee - Königin-Luise-Strasse - U-Bhf. Oskar-Helene-Heim - Winfriedstrasse - Berliner Strasse -  Rathaus Zehlendorf - Hampsteadstrasse - Wismarer Strasse - Lichterfelde, Lindenstrasse",12,69,,1982,
10,bus,West,"Haselhorster Damm - Gartenfelder Strasse - Paulsternstrasse - Nonnendammallee - U-Bhf. Rohrdamm - Fürstenbrunner Weg/Friedhof -  Spandauer Damm - U-Bhf. Kaiserdamm - ICC/Omnibusbahnhof - Dernburgstrasse - Amtgerichtsplatz - Kurfürstendamm - Henriettenplatz - Rathenauplatz - Herbertstrasse/BSC-Sportplatz - Elsterplatz - Hundekehlestrasse - Königen-Luise-Strasse/Museum Dahlem - U-Bhf. Thielplatz - Corrensplatz - Berliner Strasse - Teltower Damm - Rathaus Zehlendorf - Behring-Krankenhaus - Zehlendorf-Süd, Sachtlebenstrasse Ecke Lupsteiner Weg",12,67,,1982,
11,bus,West,Dahlem Waldfriedhof - U-Bhf. Oskar-Helene-Heim - Garystrasse - Corrensplatz - Berliner Strasse - Adolf-Martens-Strasse - Drakestrasse - Gardeschützenweg - Hindenburgdamm/Wiesenbaude - Ostpreußendamm - Marienstrasse/Königswarter Krankenhaus - Morgensternstrasse - Kranoldplatz - Hildburghauser Strasse - Marienfelder Allee - Alt-Marienfelde - An der Heilandsweide - Stegerwaldstrasse - Hranitzkystrasse - Daimlerstrasse - Wilhelm-von-Siemens-Strasse - Alt-Mariendorf - U-Bhf. Alt-Mariendorf,12,43,,1982,
11,strassenbahn,Ost,"S-Bhf. Marzahn - BWF Marzahn - Rhinstrasse - Genslerstrasse - Zechliner Strasse - Ho-Chi-Minh-Strasse - S-Bhf. Leninallee - Dimitroffstrasse - Krankenhaus Friedrichshain - Mollstrasse - Hans-Beimler-Strasse - U-Bhf. Rosa-Luxemburg-Platz - Rosenthaler Platz - Veteranenstrasse - Invalidenstrasse, Post - Stadion der Weltjugend",20,47,,1982,
12,bus,West,"Wedding, Bernauer Strasse - Voltastrasse - Scheringstrasse - Nettelbeckplatz - U-Bhf. Leopoldplatz - Limburger Strasse/Rathaus Wedding - U-Bhf. Seestrasse - Barfusstrasse - Holländerstrasse - Emmentaler Strasse - Roedernallee - Am Nordgraben - Oranienburger Strasse - Eichborndamm - Hermsdorfer Strasse - Cyclopstrasse - Zabel-Krüger-Damm - Dianastrasse - Hermsdorfer Damm - Burgfrauen Strasse - Zeltinger Platz - Ludolfinger Platz - Donnersmarckplatz - Maximiliankorso Ecke Hainbuchenstrasse",15,61,,1982,
12,strassenbahn,Ost,S-Bhf. Marzahn - BWF Marzahn - Rhinstrasse - Genslerstrasse - Zechliner Strasse - Mittelstrasse - Ho-Chi-Minh-Strasse - Leninallee - Herzbergstrasse - Rathaus Lichtenberg - Bhf. Frankfurter Allee - Scharnweberstrasse,20,27,,1982,
13,bus,West,Alt-Heiligensee - Heiligenseestrasse - Konradshöher Strasse - Karolinenstrasse - U-Bhf. Tegel - U-Bhf. Borsigwerke - U-Bhf. Holzhauser Strasse - Neheimer Strasse - Marienwerder Weg - Paulsternstrasse - Haselhorster Damm - Am Juliusturm - Zur Zitadelle - Rathaus Spandau - Brunsbütteler Damm - Seeburger Strasse - Päwesiner Weg - Kolonie Hasenheide - Adamstrasse - Am Omnibushof - Heerstrasse - Spandau Weinmeisterhornweg,12,66,,1982,
13,strassenbahn,Ost,Eberswalder Strasse - U-Bhf. Dimitroffstrasse - Prenzlauer Allee - Greifswalder Strasse - Bötzowstrasse - Artur-Becker-Strasse - Leninallee - Besarinplatz - Frankfurter Tor - Holteistrasse - Hauptstrasse - VEB Chemiehandel - Kraftwerk - Hönower Wiesenweg,10,40,,1982,
14,bus,West,U-Bhf. Osloer Strasse - Drontheimer Strasse - Pankower Allee - Emmentaler Strasse - Residenzstrasse - Aroser Allee - Roedernallee - Ollenhauerstrasse - Karl-Bonhoeffer-Nervenklinik - Tessenowstrasse - Jansenstrasse - Alt-Wittenau - Eichborndamm - Hermsdorfer Strasse - Ziekowstrasse - U-Bhf. Tegel - Ruppiner Chausee - Diakoniezentrum -  Hennigsdorfer Strasse - Heiligenseestrasse - Fährstrasse - Alt-Heiligensee,15,60,,1982,
14E,bus,West,Alt-Heiligensee - Fährstrasse - Havelblick - Strandbad Heiligensee - Gemeindefriedhof - Rallenweg - Rohrweihstrasse - Sperberstrasse - Habichtstrasse/Strandbad - Falkenplatz,30,9,,1982,
15,bus,West,"Wittenauer Strasse Märkisches Viertel - Lübarser Strasse - Finsterwalder Strasse - Wilhelmsruher Damm - Oranienburger Strasse - Alt-Wittenau, Kirche - Rathaus Reinickendorf - Pannwitzstrasse - Olbendorfer Weg - Breitenbachstrasse - Holzhauser Strasse - Eschachstrasse/Ziekowstrasse - Buddestrasse - Alt-Tegel/U-Bhf. Tegel - Hermsdorfer Damm - Mühlenfeldstrasse - Falkentaler Steig - Hermsdorfer Friedhof - Donnersmarckplatz - Ludolfinger Platz - Zeltinger Platz - Am Pilz - Frohnau Invalidensiedlung",20,58,,1982,
15,strassenbahn,Ost,"Bhf. Lichtenberg - Straßenbahn-Betriebshof - Josef-Orlopp-Strasse - Herzbergstrasse - Ho-Chi-Minh-Strasse - Franz-Jacob-Strasse - S-Bhf. Leninallee - Dimitroffstrasse - Mollstrasse - Hans-Beimlerstrasse - Prenzlauer Allee - U-Bhf. Rosa-Luxemburg-Platz - Hackescher Markt""",20,37,,1982,Kein Fahrten zwischen 7:31 und 13:31
16,bus,West,Reinickendorf Klemkestrasse/Sommerstrasse - Reginhardstrasse - Pankower Allee - Residenzstrasse - U-Bhf. Osloer Strasse - Luise-Schröder-Platz - U-Bhf. Seestrasse - Amrumer Strasse - U-Bhf. Amrumer Strasse - Fennstrasse - Turmstrasse - Alt-Moabit - U-Bhf. Hansaplatz - Großer Stern - Lützowplatz - U-Bhf. Nollendorfplatz - Martin-Luther-Strasse - John-F.-Kennedy-Platz - U-Bhf. Innsbrucker Platz - U-Bhf. Bundesplatz - Wiesbadener Strasse - Breitenbachplatz,15,63,,1982,
17,bus,West,Grundewald Fontanestrasse - Hagenplatz - Teplitzer Strasse - Roseneck - Berkaer Strasse - U-Bhf. Rüdesheimer Platz - Laubacher Strasse/Südwestkorso - U-Bhf. Friedrich-Wilhelm-Platz - Kaisereiche/Schmiljanstrasse - U-Bhf. Walther-Schreiber-Platz - U-Bhf. Schloßstrasse - Kieler Strasse - U-Bhf. Rathaus Steglitz - Klingsorstrasse - Bismarckstrasse - Halskestrasse - Albrechtstrasse - Leonorenstrasse - Birkbuschstrasse - Königsberger Strasse - Marienstrasse/Königswarter Krankenhaus - Jungfernstieg - Kranoldplatz - Oberhofer Platz - Lichterfelde Celsiusstrasse,12,56,,1982,
17,strassenbahn,Ost,Besarinstrasse - S-Bhf. Leninallee - Franz-Jacob-Strasse - Herzbergstrasse - Siegfriedstrasse - Allee der Kosmonauten - S-Bhf. Friedrichsfelde Ost - Straße der Befreiung - U-Bhf. Tierpark - Bhf. Karlshorst - Wilhelminenhofstrasse - Bhf. Schöneweide - Königsheideweg - Haeckelstrasse ,12,56,,1982,
18,bus,West,"U-Bhf. Oskar-Helene-Heim - Krankenhaus Oskar-Helene-Heim - Sophie-Charlotte-Strasse - Schützallee - Scharfestrasse - Potsdamer Strasse - Fischerhüttenstrasse - Lindenthaler Allee - Spanische Allee - Von-Luck-Strasse/Waldfriedhof - Isoldestrasse - Nibelungenstrasse - Kronprinzessinenweg - Am Großen Wannsee - Endestrasse - Pfaueninselchaussee - Rathaus Wannsee - Charlottenstrasse  - Wilhelmplatz, Stölpchensee - Kohlhasenbrück - Königsweg - Bernhard-Beyer-Strasse - Steinstücken",20,33,,1982,
18,strassenbahn,Ost,"Biesdorf, Elisabethstrasse - Boschpoler Strasse - Marchwitzastrasse - S-Bhf. Springpfuhl - Kraftwerksanlagenbau - Rhinstrasse - Siegfriedstrasse - Ho-Chi-Minh-Strasse - Franz-Jacob-Strasse - S-Bhf. Leninallee - Dimitroffstrasse - Krankenhaus Friedrichshain - Mollstrasse - Hans-Beimler-Strasse - Prenzlauer Allee - U-Bhf. Rosa-Luxemburg-Platz - Rosenthaler Platz - Veteranenstrasse - Invalidenstrasse, Post - Stadion der Weltjugend",20,49,,1982,
19,bus,West,Grunewald Roseneck - Teplitzer Strasse - Richard-Strauß-Strasse - Koenigsallee/Hagenplatz - Kurfürstendamm/Rathenauplatz - Henriettenplatz - Joachim-Friedrich-Strasse - Lehniner Platz - U-Bhf. Adenauerplatz - Olivaer Platz/Leibnizstrasse - Bleibtreustrasse - U-Bhf. Uhlandstrasse - U-Bhf. Kurfürstendamm - Breitscheidplatz - Marburger Strasse - U-Bhf. Wittenbergplatz - Martin-Luther-Strasse - U-Bhf. Nollendorfplatz - Potsdamer Strasse - Goebenstrasse - U-Bhf.  Yorckstrasse - Großbeerenstrasse - U-Bhf. Mehringdamm - U-Bhf. Platz der Luftbrücke - Platz der Luftbrücke,10,44,,1982,
19,strassenbahn,Ost,"Köpenick, Krankenhaus - Wendenschloßstrasse - Freiheit - Institut für Lehrerbildung - Erich-Weinert-Klubhaus - Pionierpark - Rathenaustrasse - Edisonstrasse - Bhf. Karlshorst - U-Bhf. Tierpark - Straße der Befreiung - S-Bhf. Friedrichsfelde Ost - Allee der Kosmonauten - Siegfriedstrasse - Ho-Chi-Minh-Strasse - Franz-Jacob-Strasse - S-Bhf. Leninallee - Dimitroffstrasse - Artur-Becker-Strasse",20,68,,1982,
2,bus,West,"U-Bhf. Friedrich-Wilhelm-Platz - Stubenrauchstrasse - U-Bhf. Walther-Schreiber-Platz - Alsen-/Fregestrasse - Bismarckstrasse - Lauenburger Platz - Bergstrasse - Selerweg - Steglitzer Damm - Munsterdamm - Albrechtstrasse - Leonorenstrasse - Rathaus Lankwitz - Lankwitz, Kirche - Hildburghauser Strasse - Waldsassener Strasse - Marienfelde, Waldsassener Strasse",7.5,36,,1982,
20,bus,West,Tegelort - Falkenplatz - Heiligenseestrasse/Gabelung - Schulzendorfer Weg - Karolinenstrasse - Gabrielenstrasse -  Alt-Tegel/U-Bhf.  Tegel - Gorkistrasse - Ziekowstrasse - Freie Scholle - Dianaplatz - Oraniendamm - Zabel-Krüger-Damm - Am Vierrutenberg - Lübars Alt-Lübars,15,41,,1982,
20,strassenbahn,Ost,Bhf. Lichtenberg - Straßenbahn-Betriebshof - Josef-Orlopp-Strasse - Herzbergstrasse - Ho-Chi-Minh-Strasse - Leninallee - Hohenschönhauser Strasse - Omnibus-Betriebshof - Lichtenberger Strasse - Antonplatz - Roelckestrasse - Wisbyer Strasse - S-Bhf. Prenzlauer Allee - Dimitroffstrasse - Knaackstrasse - Wilhelm-Pieck-Strasse - U-Bhf. Rosa-Luxemburg-Platz - Hackerscher Markt,20,50,,1982,
21,bus,West,"Quickborner Strasse Märkisches Viertel - Wilhelmsruher Damm - Schorfheidestrasse - Wilhelmsruher Damm/Dannenwalder Weg - Oranienburger Strasse - Alt-Wittenau - Rathaus Reinickendorf - Breitenbachstrasse - U-Bhf. Scharnweber Strasse - U-Bhf. Kurt-Schumacher-Platz - Kaserne Südtor - U-Bhf. Jakob-Kaiser-Platz - Jakob-Kaiser-Platz - Olbersstrasse/DRK-Krankenhaus - Landgericht - Luisenplatz - Bismarckstrasse - Kantstrasse - Amtsgericht Charlottenburg - Kurfürstendamm - Westfälische Strasse - Rudolstädter Strasse - Berliner Strasse - Fehrbelliner Platz",20,63,,1982,
21,strassenbahn,Ost,"Eberswalder Strasse - U-Bhf. Dimitroffstrasse - Prenzlauer Allee - Greifswalder Strasse - Bötzowstrasse - Artur-Becker-Strasse - Leninallee - Besarinplatz - Frankfurter Tor - Holteistrasse - Hauptstrasse - VEB Chemiehandel - Kraftwerk - Blockdammweg - Hermann-Duncker-Strasse - Wilhelminenhofstrasse - Rathenaustrasse - Pionierpark - Institut für Lehrerbildung - Schloßplatz - Köpenick, Krankenhaus",20,72,,1982,
22,bus,West,U-Bhf. Osloer Strasse - Ritterlandweg - Pankower Allee - Emmentaler Strasse - Lindauer Allee - Aroser Allee - Roedernallee/Paracelsus-Bad - Tessenowstrasse - Am Nordgraben - Dannenwalder Weg - Wilhelmsruher Damm - Gemeinde-Zentrum - Märkisches Zentrum - Wesendorfer Strasse - Senftenberger Ring-Ost - Senioren-Zentrum - Calauer Strasse - Eichhorster Weg - Lübarser Strasse - Hermsdorfer Strasse - Zabel-Krüger-Damm - Waidmannslust Titiseestrasse,15,37,,1982,
22,strassenbahn,Ost,"Rosenthal, Quickborner Strasse - Hauptstrasse - Siedlung - Kastanienallee - Nordendstrasse - Uhlandstrasse - Platanenstrasse - Skladanowskystrasse - Kurt-Fischer-Platz - Bürgerpark - Pankow, Rathaus - Pankow, Kirche - S-Bhf. Pankow - U-Bhf. Pankow - Bornholmer Strasse - Björnsonstrasse - U- und S-Bhf. Schönhauser Allee - U-Bhf. Dimitroffstrasse - Zionskirchplatz - Brunnenstrasse - Invalidenstrasse, Post - Oranienburger Tor - Bhf. Friedrichstrasse - Am Kupfergraben",15,50,,1982,
23,bus,Ost,"Falkenhöhe - S-Bhf. Grünbergallee - S-Bhf. Altglienicke - Normannenstrasse - Wolfmarsteig - Schönefelder Chaussee - Altglienicke, Kirche - Glienicker Weg - VEB Berlin-Chemie - Dörpfeldstrasse - S-Bhf. Adlershof - Rudower Chaussee",20,28,,1982,
23,bus,West,"Zoo, Hardenbergplatz - Jebensstrasse/Amerikahaus - Steinplatz - U-Bhf. Ernst-Reuther-Platz - U-Bhf. Hansaplatz - Gotzkowskystrasse - Hutten-/Turmstrasse - Wittstocker Strasse - Sickingen-/Siemensstrasse - Seestrasse - Hüttigpfad - Friedrich-Olbricht-Damm - Heckerdamm - Kurt-Schumacher-Damm - U-Bhf. Halemweg - Goebelplatz - Quellweg - U-Bhf. Rohrdamm - Saatwinkler Damm Mäkeritzwiesen",15,50,,1982,
24,bus,West,"Moabit Wiebestrasse - Huttenstrasse - Reuchlinstrasse - Waldstrasse/Beusselstrasse - Rathaus Tiergarten - U-Bhf. Turmstrasse - Krankenhaus Moabit - Wilsnacker Strasse - Rathenower Strasse - Alt-Moabit - Schloß Bellevue - Tiergartenstrasse - Lützowplatz - Magdeburger Platz - Potsdamer Strasse - Askanischer Platz - Großbeerenstrasse - U-Bhf. Hallesches Tor - U-Bhf. Gneisenaustrasse - Columbiadamm - Platz der Luftbrücke",15,43,,1982,
24,strassenbahn,Ost,Pasedagplatz - Lichtenberger Strasse - Antonplatz - S-Bhf. Greifswalder Strasse - Dimitroffstrasse - Mollstrasse - U-Bhf. Rosa-Luxemburg-Platz - Hackescher Markt - Orianienburger Tor - Stadion der Weltjugend,12,36,,1982,
25,bus,West,Britz-Süd - Fritz-Erler-Allee - Kormoranweg - Grüner Weg - Buschkrugallee - U-Bhf. Parchimer Allee - Britzer Damm - Gradestrasse - Karl-Elsasser-Strasse - Gottlieb-Dunkel-Strasse - Teilestrasse - Wenckebachstrasse - U-Bhf. Ullsteinstrasse - Attilaplatz - Alboinstrasse - Röblingstrasse/Arnulfstrasse - Priesterweg - Prellerweg - Auguste-Viktoria-Krankenhaus - Grazer Platz - Rubensstrasse - Friedenauer Brücke - Kaisereiche - U-Bhf. Friedrich-Wilhelm-Platz,15,39,,1982,
25,strassenbahn,Ost,Sterndamm - Bhf. Schöneweide - Wilhelminenhofstrasse - Rathenaustrasse - Pionierpark - Erich-Weinert-Klubhaus - Institut für Lehrerbildung - Seelenbinderstrasse - Brandenburgplatz - Hirschgarten - Bölschestrasse - S-Bhf. Friedrichshagen - Hartlebenstrasse - Fürstenwalder Damm - Müggelseedamm - Freibad Müggelsee - Rahnsdorf,20,47,,1982,
26,strassenbahn,Ost,"Sterndamm - Bhf. Schöneweide - Wilhelminenhofstrasse - Rathenaustrasse - Pionierpark - Erich-Weinert-Klubhaus - Institut für Lehrerbildung - Grünstrasse - Wendenschloßstrasse - Köpenick, Krankenhaus",20,26,,1982,
27,bus,Ost,"S-Bhf. Kaulsdorf - Alt-Kaulsdorf - Chemnitzer Strasse - Jägerstrasse - Gehsener Strasse - S-Bhf. Köpenick - Seelenbinderstrasse - Lindenstrasse - Müggelheimer Strasse - Krankenhaus Köpenick - Chausseehaus - Rübezahl - Müggelseeperle - Müggelheim, Dorf - Alt-Müggelheim",10,41,,1982,
28,bus,West,U-Bhf. Tempelhof - Boelckestrasse - Werner-Voß-Damm - Loewenhardtdamm - Dudenstrasse - Kreuzbergstrasse - Yorckstrasse/Rathaus Kreuzberg - U-Bhf. Mehringdamm - U-Bhf. Gneisenaustrasse/Zossener Strasse - U-Bhf. Südstern - Urbanstrasse - Geibelstrasse - Wilmsstrasse - U-Bhf. Prinzenstrasse/Gitschiner Strasse - U-Bhf. Kottbusser Tor - Oranienstrasse - Mariannenplatz - Köpenicker Strasse - U-Bhf. Schlesisches Tor - Falckensteinstrasse - Schlesische Strasse Ecke Heckmannufer,15,44,,1982,
29,bus,West,"Grunewald, Roseneck - Teplitzer Strasse - Franzensbader Strasse/Sportplatz - Bismarckplatz - Kurfürstendamm/Rathenauplatz - Henriettenplatz - Joachim-Friedrich-Strasse - Lehniner Platz - U-Bhf. Adenauerplatz - Olivaer Platz/Leibnizstrasse - Bleibtreustrasse - U-Bhf. Uhlandstr - U-Bhf. Kurfürstendamm - U-Bhf. Wittenbergplatz - An der Urania - Kurfürstenstrasse - Lützowplatz - Kluckstrasse - Potsdamer Brücke - Askanischer Platz - Friedrichstrasse/U-Bhf. Kochstrasse - Lindenstrasse - Alte Jakobstrasse  - Alexandrinenstrasse - U-Bhf. Moritz-Platz - Oranienplatz",10,45,,1982,
3,bus,West,"Düppel-Süd - Machnower Strasse - Rathaus Zehlendorf - Potsdamer-/Berliner Strasse - Winfriedstrasse - Schützallee - Sophie-Charlotte-Strasse - U-Bhf. Onkel Toms Hütte - U-Bhf. Krumme Lanke - Mexikoplatz - Potsdamer Chaussee/Tierklinik FU - Spanische Allee - An der Rehwiese - Wannseebadweg - Fernbahnhof Wannsee - Am Großen Wannsee - Jugenderholungsheim - Wannsee, Heckeshorn",15,46,,1982,
3,strassenbahn,Ost,Björnsonstrasse - Bornholmer Strasse - Schönfließer Strasse - Schönhauser Allee - Stahlheimer Strasse - Prenzlauer Allee - Roelckestrasse - Antonplatz - Lichtenberger Strasse - Omnibus-Betriebshof - Hohenschönhauser Strasse - Leninallee - Herzbergstrasse - Rathaus Lichtenberg - Bhf. Frankfurter Allee - Scharnweberstrasse - Boxhagener Strasse - Gärtnerstrasse - Simon-Dach-Strasse - Warschauer Strasse - S-Bhf. Warschauer Strasse,10,43,,1982,
30,bus,Ost,Robert-Koch-Platz - Oranienburger Tor - Rosenthaler Platz -  U-Bhf. Rosa-Luxemburg-Platz - Prenzlauer Allee - Dimitroffstrasse -  Artur-Becker-Strasse - Leninallee - Mühsamstrasse -  Samariterstrasse - Jacques-Duclos-Strasse - Herzbergstrasse - Siegfriedstrasse - Omnibus Betriebshof - U-Bhf. Magdalenenstrasse - Bhf. Lichtenberg - Weitlingstrasse - Lückstrasse - S-Bhf. Rummelsburg - Holteistrasse - Warschauer Strasse - Franz-Mehring-Platz - Ostbahnhof,15,67,,1982,
30,bus,West,"U-Bhf. Rathaus Steglitz - Albrechtstrasse - Breitestrasse - Klingsorstrasse - Bismarckstrasse - Stindestrasse - Siemensstrasse - Leonorenstrasse - Calandrellistrasse/Stadtbad, Rathaus - Lankwitz, Kirche - Mühlenstrasse - Malteserstrasse/Hospital - Belßstrasse - Eiswald-/Emmerichstrasse, Hochschule - Preysingstrasse - Marienfelder Allee - Hildburghauser Strasse - Motzener Strasse - Nunsdorfer Ring/Süd - Schichauweg - Illigstrasse - Steinstrasse - Lichtenrader Damm - Alt-Lichtenrade - Lichtenrade Nahariyastrasse",20,37,,1982,
31,bus,Ost,"Buch, Hobrechtsfelder Chaussee - S-Bhf. Buch - Karower Strasse - Stadtrandsiedlung - Alt-Karow - Straße 26 - Alt-Blankenburg  - Heinersdorfer Kirche - Am Steinberg - Ostseestrasse",20,39,,1982,
31,bus,West,"U-Bhf. Ruhleben - Krematorium Ruhleben - Güterbahn Ruhleben - Teltower Strasse - Tiefwerderweg - Grenadierstrasse - Stresowplatz - Spandau, Markt - Rathaus Spandau - Klosterstrasse - Elsflether Weg - Grünhofer Weg - Nauener Strasse - Päwesiner Weg - Egelpfuhlstrasse - Harburger Weg - Brunsbütteler Damm - Spandauer Strasse - Eichholzbahn - Hackbuschstrasse - Staaken Heidebergplan",10,28,,1982,
32,bus,Ost,Hans-Beimler-Strasse - Am Friedrichshain - Leninplatz - Karl Marx-Allee - Ostbahnhof - S-Bhf. Jannowitzbrücke - Fischerinsel - Jerusalemer Strasse - Friedrichstrasse - Otto-Grotewohl-Strasse,6,22,,1982,
32,bus,West,"U-Bhf. Rathaus Steglitz - Breite Strasse - Klingsorstrasse - Bismarckstrasse - Stindestrasse - Siemensstrasse - Leonorenstrasse - Calandrellistrasse (Stadtbad)  - Rathaus Lankwitz - Lankwitz, Kirche - Mühlenstrasse - Malteserstrasse - Belßstrasse - Eiswaldstrasse - Preysingstrasse - Marchandstrasse - Friedrichsrodaer Strasse - Kloster ""Zum guten Hirten"" - Marienfelder Allee - An der Heilandsweide - Stegerwaldstrasse - Hranitzkystrasse - Marienfelde Bahnstrasse",10,28,,1982,
33,bus,Ost,"Grumbkowstrasse - Kurt-Fischer-Platz - Bürgerpark - Pankow, Kirche - S-Bhf. Pankow - U-Bhf. Pankow",20,17,,1982,Kein Verkehr zwischen 7:32 und 13:45 (1982)
33,bus,West,U-Bhf. Breitenbachplatz - Björnsonstrasse - Gritznerstrasse - Lepsiusstrasse - U-Bhf. Schloßstrasse - Steglitzer Kreuz - Filandastrasse - Südendstrasse - Klingsorstrasse - Bismarckstrasse - Munsterdamm - Liebenowzeile - Buhrowstrasse - Attilastrasse - Kurfürstenstrasse - Gersdorfstrasse - Rathausstrasse - U-Bhf. Westphalweg - Eisenacher Strasse - Kollostrasse - Kosleckweg - Mariendorf Rixdorfer Strasse Ecke Dirschelweg,10,29,,1982,
34,bus,Ost,U-Bhf. Marchlewskistrasse - Kadiner Strasse - Warschauer Strasse - Revaler Strasse - S-Bhf. Warschauer Strasse - Rochowstrasse - Markgrafendamm - Friedrich-Junge-Strasse - Alt-Stralau,15,17,,1982,
34,bus,West,"Spandau, Wasserwerk - Friedhof In den Kisseln - Zeppelinstrasse - Askanierring - Wröhmännerpark - Rathaus Spandau - Brunsbütteler Damm - Seeburger Strasse - Weißenburger Strasse - Adamstrasse - Heerstrasse - Jaczostrasse - Gatower Strasse - Sandheideweg - Weinmeisterhornweg - Gatower Strasse ""Biberburg"" - Gatow, Kirche - Groß-Glienicker Weg - Breitehornweg/Krankenhaus - Flugplatz, Haupteingang - Havelhöhe, Krankenhaus - Kladow, Ritterfelddamm - Schweizerhaus - Seekorso - Glienicke Gutshof",20,50,,1982,
35,bus,Ost,"Biesdorf-Süd, Köpenicker Strasse - Hadubrandstrasse - Zimmermannstrasse - Grabensprung - Elsterwerdaer Platz - Oberfeldstrasse - Werner-Lamberz-Strasse - U-Bhf. Friedrichsfelde - Lincolnstrasse - Weitlingstrasse - S-Bhf. Nöldnerplatz",20,32,,1982,"Kein Verkehr zwischen 8:25 und 12:45 (1982)"""
35,bus,West,"U-Bhf. Ruhleben - Krematorium Ruhleben - Güterbahn Ruhleben - Teltower Strasse - Pichelsdorfer Strasse - Adamstrasse - Wilhelmstrasse - Am Omnibushof - Gatower Strasse/Heerstrasse - Sandheideweg - Weinmeisterhornweg - Zur Haveldüne - Gatower Strasse ""Biberburg"" - Ortsgrenze Gatow - Gatow Kirche - Groß-Glienicker Weg - Am Graben - Straße zur Badewiese - Breitehornweg/Krankenhaus - Flugplatz, Haupteingang - Havelhöhe, Krankenhaus - Finnensiedlung - Ritterfelddamm/Alt-Kladow - Krampnitzer Weg - Kladow Hottengrund",20,37,,1982,
36,bus,Ost,"S-Bhf. Grünau - Gartenstadtweg - Bohnsdorf, Kirche - S-Bhf. Grünbergallee - Bhf. Schönefeld - Schönefeld, Dorfstrasse",10,18,,1982,
361,bus,Ost,Flughafen Schönefeld - Bahnhof - Hotel - Flughafen Schönefeld,20,9,,1982,Nur nachts?
362,bus,Ost,Flughafen Schönefeld - Bahnhof - Flughafen Schönefeld,20,6,,1982,
37,bus,Ost,S-Bhf. Grünau - Germanenstrasse - Normannenstrasse - Köpenicker Strasse - Rudower Strasse,30,12,,1982,1980: Gibt es nicht
38,bus,Ost,"S-Bhf. Grünau - Joachimstrasse - Eichbuschplatz - Waltersdorfer Strasse - Bohnsdorf, Waldstrasse - Waltersdorf - Kienberg - Diepensee",60,25,,1982,"Kein durchgehender Verlauf, habe Grünau - Diepensee genommen müsstest du dir mal ansehen"
39,bus,Ost,"Wartenberg, Siedlung - Lindenberger Strasse - Falkenberger Chaussee - Arnimstrasse - Gehrenseestrasse",20,14,,1982,
4,bus,West,"Neu-Westend, Brixplatz - U-Bhf. Neu-Westend - U-Bhf. Theodor-Heuss-Platz - Ausstellungshallen - ICC/Omnibusbahnhof - ICC/Ausstellungshallen - Kurfürstendamm/Rathenauplatz. - Henriettenplatz - Joachim-Friedrich-Strasse - Hochmeisterplatz - U-Bhf. Fehrbelliner Platz - U-Bhf. Blissestrasse - U-Bhf. Berliner Strasse - John-F.-Kennedy-Platz - Hauptstrasse - Kaiser-Wilhelm-Platz - Katzbach-/Boelckestrasse - Platz der Luftbrücke - Friesenstrasse - Hermannstrasse/U-Bhf. Boddinstrasse - Kienitzer Strasse - U-Bhf. Karl-Marx-Strasse - Erkstrasse/U-Bhf. Rathaus Neukölln - Sonnenallee - Neukölln, Teupitzer Strasse",10,64,,1982,
4,strassenbahn,Ost,Eberswalder Strasse - U-Bhf. Dimitroffstrasse - Prenzlauer Allee - Greifswalder Strasse - Bötzowstrasse - Artur-Becker-Strasse - Leninallee - Bersarinplatz - Frankfurter Tor - Grünberger Strasse - S-Bhf. Warschauer Strasse,10,24,,1982,
40,bus,Ost,Robert-Koch-Platz - Oranienburger Tor - Rosenthaler Platz -  U-Bhf. Rosa-Luxemburg-Platz - Prenzlauer Allee - Am Friedrichshain - Leninplatz - Koppenstrasse - Karl-Marx-Allee - Franz-Mehring-Platz - Erich-Steinfurth-Strasse - Ostbahnhof,7.5,21,,1982,
41,bus,Ost,"Neu-Lindenberg - Lindenberg, Dorf - Malchow, Dorf - Feldtmannstrasse - Rennbahnstrasse - Falkenberger Strasse - Liebermannstrasse - Straße nach Wartenberg - Falkenberg, Schule - Stadtrandsiedlung - Bhf. Ahrensfelde - Ahrensfelde, Kirche",30,39,,1982,
41,bus,West,Rudow Stadtgrenze - U-Bhf. Rudow - Zwickauer Damm - Arnikaweg - Lipschitzallee - Grüner Weg - Parchimer Allee - Blaschkoallee - U-Bhf. Grenzallee - Naumburger Strasse - Sonnenallee - Saalestrasse - Wildenbruchstrasse - Pannierstrasse - Hermannplatz - U-Bhf. Kottbusser Damm - U-Bhf. Kottbusser Tor - Oranienplatz - U-Bhf. Moritzplatz - Alexandrinenstrasse - Alte Jakobstrasse - Lindenstrasse - Neuenburger Strasse - Gitschiner Strasse - U-Bhf. Hallesches Tor,12,58,,1982,
42,bus,Ost,"Buch, Zepernicker Strasse - Karower Strasse - Stadtrandsiedlung - Alt-Karow - Straße 26 - Alt-Blankenburg - Heinersdorf, Kirche - Am Steinberg - Ostseestrasse",12,30,,1982,
43,bus,Ost,S-Bhf. Marzahn - Bruno-Baum-Strasse - Murtzaner Ring - Annenstrasse - Boschpoler Strasse - Marchwitzastrasse - S-Bhf. Springpfuhl - Kröver Strasse - S-Bhf. Friedrichsfelde Ost - Straße der Befreiung - U-Bhf. Friedrichsfelde - Weitlingstrasse - S-Bhf. Nöldnerplatz,10,28,,1982,
44,bus,Ost,"Hönow, Nord - Hönow, Dorf - Thälmannstrasse - Greifswalder Strasse - Am Rosenhag - S-Bhf. Mahlsdorf",60,16,,1982,
45,bus,Ost,"Wilhelmsruh, Schillerstrasse - Edelweißstrasse - Ehrenmal Schönholz - Heinrich-Mann-Platz - Pankow, Rathaus - S-Bhf. Pankow - Prenzlauer Promenade - Am Steinberg - Hamburger Platz - Klement-Gottwald-Allee - Lichtenberger Strasse - Gehringstrasse - Schwarzelfenweg",6,38,,1982,
46,strassenbahn,Ost,"Nordend - Kuckhoffstrasse - Kurt-Fischer-Strasse - Bürgerpark - Pankow, Rathaus - Pankow, Kirche - S-Bhf. Pankow - U-Bhf. Pankow - Bornholmer Strasse - Bhf. Schönhauser Allee - U-Bhf. Dimitroffstrasse - Zionskirchstrasse - Brunnenstrasse - Invalidenstrasse, Post - Oranienburger Tor - Bhf. Friedrichstrasse - Am Kupfergraben",15,48,,1982,
47,bus,Ost,"Treptow, Eichenstrasse - S-Bhf. Treptower Park - Treptow, Rathaus - S-Bhf. Baumschulenweg - Sonnenallee - Johannisthaler Chaussee - Sterndamm - Bhf. Schöneweide",15,30,,1982,
48,bus,Ost,"Hohenschönhausen, Chemie-Handel - Plauener Strasse - Leninallee - Genslerstrasse - Ho-Chi-Minh-Strasse - S-Bhf. Leninallee - Dimitroffstrasse",10,23,,1982,
48,bus,West,Zehlendorf Fischerhüttenstrasse  Ecke Potsdamer Strasse - Potsdamer Strasse - Teltower Damm - Berliner Strasse - Seehofstrasse - Sundgauer Strasse - Dahlemer Weg - Drakestrasse - Wrangelstrasse - U-Bhf. Rathaus Steglitz - U-Bhf. Schloßstrasse - U-Bhf. Walther-Schreiber-Platz - Kaisereiche - Breslauer Platz/Rathaus Friedenau - U-Bhf. Innsbrucker Platz - Dominicusstrasse - Albertstrasse - Kaiser-Wilhelm-Platz - U-Bhf. Kleistpark - Goebenstrasse - Bülowstrasse - U-Bhf. Kurfürstenstrasse - Lützowstrasse - Potsdamer Brücke - Tiergartenstrasse Philharmonie,12,46,,1982,
49,strassenbahn,Ost,"Bucholz, Hauptstrasse - Blankenfelder Strasse - Rosenthaler Strasse - Marienstrasse - Blankenburger Strasse - Pankower Strasse - Galenusstrasse - S-Bhf. Pankow-Heinersdorf - Würtzstrasse - Amalienpark - Pankow, Kirche - S-Bhf. Pankow - U-Bhf. Pankow - Bornholmer Strasse - Bhf. Schönhauser Allee - U-Bhf. Dimitroffstrasse - Zionskirchplatz - Rosenthaler Platz - Hackescher Markt",15,39,,1982,
5,bus,West,"U-Bhf. Ruhleben - Krematorium Ruhleben - Güterbahn Ruhleben - Teltower Strasse - Tiefwerderweg - Grenadierstrasse - Stresowplatz - Spandau, Markt - Rathaus Spandau - Galenstrasse - Staakener Strasse - Petzoldtweg - Zeppelinstrasse - Spekteweg - Merziger Strasse - Falkenseer Chaussee - Westerwaldstrasse (Friedhof) - Frankenwaldstrasse - Am Kiesteich - Falkenseer Chaussee/Stadtrandstrasse - Waldkrankenhaus - Spandau, Nervenklinik",10,32,,1982,
50,bus,Ost,Rolandstrasse - Grumbkowstrasse - Lindenberger Strasse - Idastrasse - Ossietzkyplatz - Kurt-Fischer-Strasse - Bürgerpark - Görschstrasse - Dolomitenstrasse - U-Bhf. Pankow,7.5,15,,1982,
50,bus,West,Grunewald Roseneck - Hohenzollerndamm - Berkaer Strasse/ Elsterplatz - Forckenbeckstrasse - Landecker Strasse - Cunostrasse - Rudolstädter Strasse - Berliner Strasse - U-Bhf. Fehrbelliner Platz - Emser Platz - Uhlandstrasse - Nassauische Strasse - U-Bhf. Güntzelstrasse - Prager Platz - Landshuter Strasse - Münchener Strasse - Martin-Luther-Strasse - Eisenacher Strasse - Winterfeldtplatz - Potsdamer Strasse - Mansteinstrasse - Schöneberg Mansteinstrasse,15,26,,1982,
51,bus,Ost,"Buch, Am Sandhaus - S-Bhf. Buch - Zepernicker Strasse -  Zepernick, Kirche",20,,,1982,
51E,bus,Ost,"Buch, Am Sandhaus - S-Bhf. Buch - Lindenberger Weg - Akademie der Wissenschaften",10,,,1982,
52,bus,Ost,Achtermannstrasse - Galenusstrasse - Prenzlauer Chaussee - Granitzstrasse - Kissingenstrasse - Kissingenplatz - Stadtbezirksgericht - U-Bhf. Pankow,15,14,,1982,Kein Verkehr zwischen 7:44 - 14:44? (1982)
52,bus,West,Rudow Stubenrauchstrasse - Seidelbastweg - Efeuweg - Rudower Strasse - Lipschitzallee - Loewensteinring - Fritz-Erler-Allee - U-Bhf. Johannisthaler Chaussee - Kölner Damm - Buckower Damm - Buckower Friedhof - Quarzweg - Lichtenrader Damm - Kettinger Strasse - Buckower Chaussee - Motzener Strasse - Gutshof Marienfeld - Alt-Marienfelde - Ahrensdorfer Strasse - Baußnernweg - Marienfelde Stadtrandsiedlung,7.5,35,,1982,
53,bus,Ost,"Hohenschönhausen, Degnerstrasse - Gehrenseestrasse - Marzahner Strasse - Chemie-Handel - Leninallee - Allee der Kosmonauten - Kröver Strasse - S-Bhf. Friedrichsfelde Ost - Straße der Befreiung - U-Bhf. Friedrichsfelde - Mellenseestrasse - U-Bhf. Tierpark",10,39,,1982,
53,bus,West,Nikolassee Alemannenstrasse - An der Rehwiese - Krottnaurerstrasse - Waldemarplatz - Mexikoplatz - Forststrasse - U-Bhf. Krumme Lanke - Sven-Hedin-Strasse - Hartmannsweiler Weg - Potsdamer Strasse - Teltower Damm - Rathaus Zehlendorf - Machnower Strasse - Knesebeckstrasse - Dahlemer Weg - Osteweg - Luzerner Strasse - Thuner Platz - Goerzallee - Drakestrasse - Ostpreußendamm - Marienstrasse - Morgensternstrasse - Kranoldplatz - Lichterfelde Oberhofer Platz,15,40,,1982,
54,bus,Ost,Bhf. Lichtenberg - Straße der Befreiung - Rhinstrasse - S-Bhf. Friedrichsfelde Ost -  Werner-Lamberz-Strasse - Oberfeldstrasse - S-Bhf. Biesdorf - Boschpoler Strasse - Elisabethstrasse - Alt-Marzahn - Bruno-Baum-Strasse - Murtzaner Ring - Annenstrasse - Boschpoler  Strasse - Marchwitzastrasse - S-Bhf. Springpfuhl - Rhinstrasse - Leninallee - Genslerstrasse - Ho-Chi-Minh-Strasse - S-Bhf. Leninallee - Dimitroffstrasse - Artur-Becker-Strasse,10,62,,1982,
54,bus,West,"Spandau Johannesstift - Stadtpark - Hohenzollernring - Lynarstrasse - Predigergarten - Wröhmännerpark - Rathaus Spandau - Ruhlebener Strasse - Teltower Strasse - Krematorium Ruhleben - U-Bhf. Ruhleben - Reichsstrasse - Klinikum Westend - Königin-Elisabeth-Strasse - Spandauer-Damm-Brücke - Sophie-Charlotten-Strasse - Klausenerplatz - Luisenplatz - Wilmersdorfer Strasse - U-Bhf. Richard-Wagner-Platz - Leibnizstrasse - U-Bhf. Ernst-Reuter-Platz - Jebenstrasse/Amerikahaus - Zoo, Hardenbergplatz",10,45,,1982,
55,bus,Ost,"Wilhelmsruh, Fontanestrasse - Edelweißstrasse - Ehrenmal Schönholz - Heinrich-Mann-Strasse - Bürgerpark - S-Bhf. Pankow - U-Bhf. Pankow - Prenzlauer Promenade - Heinersdorf, Kirche - Pasedagplatz - Klement-Gottwald-Allee - Piesporter Strasse",7,33,,1982,
55,bus,West,Jakob-Kaiser-Platz - Letterhausweg - U-Bhf. Siemensdamm - Quellweg - U-Bhf. Rohrdamm - Schaltwerk - Paulsternstrasse - Gartenfelder Strasse - Haselhorster Damm - Siedlung Haselhorst - Am Juliusturm - Zitadellenweg - BMW-Maschinenfabrik - Zur Zitadelle - Carl-Schurz-Strasse - Wröhmännerpark - Triftstrasse - Park-/Lynarstrasse - Schäferstrasse - Hohenzollernring - Reußstrasse - Rauchstrasse - Mertensstrasse - Werderstrasse - Spandau Hakenfelde,15,33,,1982,
56,bus,Ost,Gehringstrasse - Wigandstaler Strasse - Hamburger Platz - Prenzlauer Promenade - Grellstrasse - Greifswalder Strasse - Storkower Strasse - Leninallee - S-Bhf. Storkower Strasse,6,28,,1982,
56,bus,West,"U-Bhf. Ruhleben - Krematorium Ruhleben - Freiheit - Pichelswerderstrasse - Fernbahnhof Spandau - Spandau, Markt - Wröhmännerpark - Triftstrasse - Lynar-/Parkstrasse - Schäferstrasse - Hohenzollernring - Reußstrasse - Rauchstrasse - Mertensstrasse - Spandau Hakenfelde",15,23,,1982,
57,bus,Ost,Artur-Becker-Strasse Ecke Michelangelostrasse - Stedinger Weg - Storkower Strasse - Rudolf-Schwarz-Strasse - Dimitroffstrasse - Hufelandstrasse - Bötzowstrasse - Am Friedrichshain - Mollstrasse - Karl-Liebknecht-Strasse - Bhf. Alexanderplatz - Palasthotel - Deutsche Staatsoper - Charlottenstrasse - Bhf. Friedrichstrasse - Oranienburger Strasse - Oranienburger Tor - Invalidenstrasse - Platz  vor dem Neuen Tor - Orthopädische Klinik - Scharnhorststrasse,2.5,31,,1982,
57,bus,West,Rudower Ring (U-Bhf. Zwickauer Damm) - Zittauer Strasse - U-Bhf. Zwickauer Damm - Neuköllner Strasse - Seidelbastweg/Stubenrauchstrasse - Köpenicker Strasse - Alt-Rudow - U-Bhf. Rudow - Lockenhuhnweg - Geflügelsteig - Rhodeländerweg - Groß-Ziethener-Chaussee - U-Bhf. Rudow - Alt-Rudow - Köpenicker Strasse - Seidelbastweg/Stubenrauchstr - Neuköllner Strasse - U-Bhf. Zwickauer Damm - Zittauer Strasse - Rudower Ring (U-Bhf. Zwickauer Damm),20,44,,1982,
59,bus,Ost,Stadion der Weltjugend - Chausseestrasse - Invalidenstrasse - Oranienburger Tor - Bhf. Friedrichstrasse - Leipziger Strasse - Otto-Grotewohl-Strasse,10,15,,1982,
6,bus,West,"Wannsee, Kronprinzessinnenweg - Kronprinzessinnenweg - Am Kleinen Wannsee - Wernerstrasse - Pfaueninselchaussee - Rathaus Wannsee - Friedenstrasse - Schäferberg (Golfplatz) - Nikolskoer Weg - Schloß Glienicke - Glienicker Brücke",30,14,,1982,
60,bus,Ost,"S-Bhf. Kaulsdorf, Bausdorfstrasse - Briesener Weg - Wernerbad - Grottkauer Strasse - Uckermarkstrasse - S-Bhf. Kaulsdorf, Bausdorfstrasse",20,14,,1982,Rundverkehr
60,bus,West,Wittenbergplatz - Breitscheidplatz - Kantstrasse - Uhlandstrasse - Kürfürstendamm/U.Bhf. Uhlandstrasse - Lietzenburger Strasse - Ludwigkirchstrasse - U-Bhf. Hohenzollernplatz - Güntzelstrasse - U-Bhf.  Blissestrasse - Blissestrasse - U-Bhf. Heidelberger Platz - Binger Strasse - Sodener Strasse - Kirchstrasse - Berkaer Strasse - Rathaus Schmargendorf - Elsterplatz - Roseneck - Königen-Luise-Strasse - Hüttenweg - U-Bhf. Oskar-Helene-Heim,15,40,,1982,
61,bus,Ost,"Schöneiche, Dorfaue - Dr.-Wilhelm-Külz-Strasse - S-Bhf. Rahnsdorf - Waldschänke - Zentralschule - S-Bhf. Wilhelmshagen - Fahlenbergstrasse - Hessenwinkel",20,31,,1982,
61,bus,West,U-Bhf. Gesundbrunnen - U-Bhf. Pankstrasse - Exerzierstrasse - U-Bhf. Osloer Strasse - Koloniestrasse - Prinzenallee - Soldiner Strasse - Kühnemannstrasse - Pankower Allee - Reginhardstrasse - Residenzstrasse - Emmentaler Strasse - Lindauer Allee - Flottenstrasse - Paracelsus-Bad - Gemeindefriedhof - Ollenhauerstrasse - Hoeferstrasse - Kurt-Schumacher-Platz - Hechelstrasse - Uranusweg - U-Bhf. Scharnweberstrasse ,15,37,,1982,
62,bus,Ost,VEB Kombinat Auto Trans - Bhf. Schöneweide - Hoevelstrasse - Springbornstrasse,7.5,13,,1982,
62,bus,West,"Wilhelmsruher Damm Märkisches Viertel - Treuenbrietzener Strasse - Gemeindezentrum - Oranienburger Strasse - Roedernallee - Alt-Wittenau - Karl-Bonhoeffer-Nervenklinik - Lindauer Allee - Auguste-Viktoria-Allee - U-Bhf. Kurt-Schumacher-Platz - Kaserne Napoleon - Kaserne Südtor - Saatwinkler Damm - U-Bhf. Jakob-Kaiser-Platz - Jakob-Kaiser-Platz - Olbersstrasse/DRK-Krankenhaus - Landgericht - Schloßbrücke - Luisenplatz - Wilmersdorfer Strasse - U-Bhf. Richard-Wagner-Platz - Leibnizstrasse - U-Bhf. Ernst-Reuter-Platz - Steinplatz - Zoo, Hardenbergplatz",12,50,,1982,
63,bus,West,Spandau Waldkrankenhaus - Pflegeheim - Kolonie Waldfrieden - Bötzow-Bahn - Gliensteig - Schwanter Weg - Kisselnallee - Pionierstrasse - Falkenseer Chaussee - Zweibrücker Strasse - Askanierring - Flankenschanze - Falkenseer Damm - Rathaus Spandau - Galenstrasse - Staakener Strasse - Petzoldweg - Zeppelinstrasse - Schulzenstrasse - Viersener Strasse - Dyrotzer Strasse - Leuthinger Weg - Straße 393 - Spandau Seegefelder Weg,15,30,,1982,
63,strassenbahn,Ost,"Hohenschönhausen, Gartenstadt - Gehrenseestrasse - Berliner Strasse - Oberseestrasse - Ho-Chi-Minh-Strasse - S-Bhf. Leninallee - Dimitroffstrasse - Mollstrasse - Hans-Beimler-Strasse - Prenzlauer Allee - U-Bhf. Rosa-Luxemburg-Platz - Hackescher Markt - Oranienburger Tor - Stadion der Weltjugend",12,48,,1982,
64,bus,Ost,"Krüllsstrasse - S-Bhf. Treptower Park - Treptow, Rathaus - S-Bhf. Treptower Park - Karl-Kunger-Strasse",15,18,,1982,
64,bus,West,Senftenberger Ring Märkisches Zentrum - Calauer Strasse - Eichhorster Weg - Wilhelmsruher Damm - Dannenwalder Weg - Roedernallee - Tessenowstrasse - Flottenstrasse - Lindauer Allee - Humboldt-Krankenhaus - Gotthardstrasse - Holländer Strasse/Friedhöfe - U-Bhf. Afrikanische Strasse - Seestrasse - U-Bhf. Amrumer Strasse - U-Bhf. Leopoldplatz - U-Bhf. Nauener Platz - U-Bhf. Pankstrasse - U-Bhf. Gesundbrunnen - Bernauer Strasse Ecke Wollinger Strasse,15,48,,1982,
65,bus,Ost,Krüllsstrasse - S-Bhf. Treptower Park - S-Bhf. Plänterwald - S-Bhf. Baumschulenweg - Bhf. Schöneweide - S-Bhf. Oberspree - Oberspree,20,26,,1982,
65,bus,West,Wedding Seestrasse Ecke Müllerstrasse - Müllerstrasse/U-Bhf. Seestrasse - Afrikanische Strasse - Beusselstrasse - Paul-Hertz-Siedlung - Jakob-Kaiser-Platz - Spandauer Damm - ICC/Omnibusbahnhof - Rathenauplatz - Hohenzollerndamm - Mecklenburgische Strasse - Bundesallee - Innsbrucker Platz - Dominicusstrasse - Sportzentrum Schöneberg - Gotenstrasse - Alboinstrasse - Berlinickeplatz - U-Bhf. Alt-Tempelhof - Hermannstrasse - Bendastrasse - U-Bhf. Neukölln - Sonnenallee - Grenzallee - Neukölln Schulenburgpark,10,58,,1982,
66,bus,Ost,Krüllsstrasse - S-Bhf. Treptower Park - S-Bhf. Plänterwald - Baumschulenstrasse - Bhf. Schöneweide - Sterndamm - Lindhorstweg - Springbornstrasse ,20,27,,1982,
66,bus,West,"Zoo, Hardenbergplatz - Joachimstaler Strasse - Uhlandstrasse - Savignyplatz - Schlüterstrasse - Leibnizstrasse - U-Bhf. Wilmersdorfer Strasse - Kaiser-Friedrich-Strasse - Suarezstrasse/Amtsgericht - Kuno-Fischer-Strasse - Dernburgstrasse - ICC/Ausstellungshallen - Avus-Einfahrt Nikolassee - Wannseebauweg - Am Beelitzhof - Am Sandwerder - Tillmannsweg - Fernbahnhof Wannsee - Königstrasse -  Am Großen Wannsee - Pfaueninselchaussee - Rathaus Wannsee - Charlottenstrasse - Wilhelmplatz - Stölpchensee Glienicker Strasse",15,39,,1982,
67,bus,Ost,S-Bhf. Treptower Park - S-Bhf. Plänterwald - Hänselstrasse - Krematorium - Bhf. Schöneweide - VEB Kombinat Auto Trans,20,26,,1982,
68,bus,Ost,Kaulsdorfer Strasse - S-Bhf. Köpenick - Lindenstrasse - Schloßplatz - Pablo-Neruda-Strasse - Anemonenstrasse - Wendenschloßstrasse,10,15,,1982,
68,bus,West,"Dahlem Clayallee Ecke Königin-Luise-Strasse - Thielallee/Pacelliallee - U-Bhf. Dahlem-Dorf - Postamt, Museum Dahlem - Botanischer Garten - Lepsiusstrasse - U-Bhf. Rathaus Steglitz - Breite Strasse - Südendstrasse - Bergstrasse - Bismarckstrasse - Insulaner/Sternwarte - Priesterweg - Röblingstrasse/Arnulfstrasse - Alboinstrasse - Attilaplatz - Friedrich-Karl-Strasse - Albrechtstrasse - U-Bhf. Kaiserin-Augusta-Strasse - Rathaus Tempelhof - U-Bhf. Alt-Tempelhof - U-Bhf. Tempelhof ",15,35,,1982,
69,bus,West,Eichkamp Dauerwaldweg - Waldschulallee - Jafféstrasse/Deutschlandhalle - ICC/Ausstellungshallen - Rathenauplatz - Henriettenplatz - Joachim-Friedrich-Strasse - Lehniner Platz - U-Bhf. Adenauerplatz - Olivaer Platz - Sächsische Strasse - Uhlandstrasse - Joachimstaler Strasse - U-Bhf. Kurfürstendamm - Kantstrasse - Breitscheidplatz - Bayreuther Strasse - Lützowplatz - Tiergartenstrasse - Großer Stern - Entlastungsstrasse - Reichstag,20,37,,1982,
7,bus,Ost,"Glienicke, Kirche - Gerhard-Weiß-Platz - Breitscheidstrasse - Ernst-Thälmann-Strasse - Lessingstrasse - Johannes-Diekmann-Strasse - Glienicker Strasse - Schildow - Blankenfelde - Nordend-Arena - Nordend - Kurt-Fischer-Strasse - Bürgerpark - Pankow, Kirche - S-Bhf. Pankow - U-Bhf. Pankow",10,42,,1982,
7,bus,West,"U-Bhf. Alt-Mariendorf - Körtingstrasse - Rennbahn Mariendorf - Pilatusweg - Titlisweg - Säntisstrasse - Daimlerstrasse - Brandaustrasse - Buckower Chaussee - Nahmitzer Damm - Nunsdorfer Ring - Sperenberger Strasse - Schichauweg - Lichtenrade, Motzener Strasse Egestorffstrasse",15,15,,1982,
70,bus,West,Wollankstrasse Ecke Kattegatstrasse - Elisabeth-Friedhof - Soldiner Strasse - Osloer Strasse - U-Bhf. Pankstrasse - Brunnenplatz - Wiesenstrasse - Nettelbeckplatz - Müllerstrasse - Am Nordhafen - Lehrter Strasse - Stephanstrasse - Rathenower Strasse - Birkenstrasse - Turmstrasse - Wilsnacker Strasse - Krankenhaus Moabit - U-Bhf. Turmstrasse - Rathaus Tiergarten - Ottostrasse - Waldstrasse/Beusselstrasse - Berlichingenstrasse - Moabit Wiebestrasse,12,34,,1982,
70,strassenbahn,Ost,"Gehrenseestrasse - Suermondtstrasse - Am Faulen See - Stadion Buschallee - Kniprodeallee - Sulzfelder Strasse - Klement-Gottwald-Allee - Antonplatz - Wisbyer Strasse - Humannplatz - U-Bhf. Dimitroffstrasse - Zionskirchplatz - Brunnenstrasse - Invalidenstrasse, Post - Oranienburger Tor - Bhf. Friedrichstrasse - Am Kupfergraben",15,49,,1982,
71,strassenbahn,Ost,"Heinersdorf - Heinersdorf, Kirche - Am Steinberg - Wisbyer Strasse - S-Bhf. Prenzlauer Allee - Dimitroffstrasse - Knaackstrasse - Wilhelm-Pieck-Strasse - U-Bhf. Rosa-Luxemburg-Platz - Hackescher Markt - Oranienburger Tor - Am Kupfergraben",15,37,,1982,
72,bus,West,Wilhelmsruh Kopenhagener Strasse - Lindauer Allee - Emmentaler Strasse - Pankower Allee - Louise-Schroeder-Platz - U-Bhf. Nauener Platz - Nettelbeckplatz - Müllerstrasse - Lehrter Strasse - Rathenower Strasse - U-Bhf. Turmstrasse - Rathaus Tiergarten - Waldstrasse/Beusselstrasse - Wiebestrasse - Kaiserin-Augusta-Allee - U-Bhf. Mierendorffplatz - Landgericht - Olbersstrasse/DRK-Krankenhaus - Jakob-Kaiser-Platz - Letterhausweg - U-Bhf. Siemensdamm - U-Bhf. Rohrdamm - Paulsternstrasse - Gartenfelder Strasse - Gartenfeld,15,56,,1982,
72,strassenbahn,Ost,Pasedagplatz - Lichtenberger Strasse - Antonplatz - Wisbyer Strasse - S-Bhf. Prenzlauer Allee - Dimitroffstrasse - Knaackstrasse - Wilhelm-Pieck-Strasse - U-Bhf.  Rosa-Luxemburg-Platz - Hackescher Markt,15,31,,1982,Kein Verkehr zwischen 7.49 und 12.34?
73,bus,West,"Zoo Hardenbergplatz - Marburger Strasse - U-Bhf. Wittenbergplatz - Martin-Luther-Strasse/An der Urania - Motzstrasse - Hohenstaufenstrasse - Barbarossastrasse - Grunewaldstrasse - John-F.-Kennedy-Platz - Hauptstrasse - Sportzentrum Schöneberg - Gotenstrasse - Reichartstrasse - Alboinstrasse - Berlinickeplatz - U-Bhf. Alt-Tempelhof - Oberlandstrasse - Teilestrasse - Gottlieb-Dunkel-Strasse - Karl-Elsasser-Strasse - Gradestrasse - Britzer Damm - U-Bhf. Blaschkoallee - Britz, Buschkrug",7.5,41,,1982,
74,bus,West,Charlottenburg Königin-Elisabeth-Strasse - Spandauer Damm - Spandauer-Damm-Brücke - Sophie-Charlotten-Strasse - Schloßstrasse - U-Bhf. Sophie-Charlotte-Platz - Neue Kantstrasse/Amtsgericht - Kaiser-Friedrich-Strasse - U-Bhf. Wilmersdorfer Strasse - U-Bhf. Adenauer Platz - Ravensberger Strasse - U-Bhf. Konstanzer Strasse - U-Bhf. Fehrbelliner Platz - U-Bhf. Blisse Strasse - U-Bhf. Berliner Strasse - Kufsteiner Strasse - John-F.-Kennedy-Platz - Hauptstrasse - Sportzentrum Schöneberg - Gotenstrasse - Alboinstrasse - Eresburgstrasse - Alboinplatz - Lindenhof,15,44,,1982,
76,bus,West,"U-Bhf. Walther-Schreiber-Platz - Alsen-/Fregestrasse - Bismarckstrasse - Rubensstrasse/Krankenhaus - Bergstrasse/Sternwarte und Planetarium - Priesterweg - Röblingstrasse - Attilastrasse - Kaiserstrasse - Großbeerenstrasse - Mariendorfer Damm - U-Bhf. Alt-Mariendorf - Körtingstrasse - Rennbahn Mariendorf - Pilatusweg - Titlisweg/Siedlung ""Daheim"" - Säntisstrasse/Tauernallee - Buckower Chaussee/Marienfelder Chaussee - Goethestrasse - Grimmstrasse - Barnetstrasse - Goltzstrasse - Steinstrasse - Lichtenrade Blohmstrasse Ecke Wünsdorfer Strasse",7.5,42,,1982,
76E,bus,West,U-Bhf. Alt-Mariendorf - Körtingstrasse - Rennbahn Mariendorf - Pilatusweg - Titlisweg - Säntisstrasse/Tauernallee - Göllweg - Buckower Chaussee/Marienfelder Chaussee - Raabestrasse - Goethestrasse - Grimmstrasse - Barnetstrasse - Steinstrasse - Rhinstrasse - John-Locke-Strasse - Riedingerstrasse - Lichtenrade Bahnhofstrasse ,5,21,,1982,
77,bus,West,Neukölln Britzer Allee - Bergiusstrasse - Naumburger Strasse - U-Bhf. Grenzallee - U-Bhf. Neukölln/Karl-Marx-Strasse - Bendastrasse - Hermannstrasse - Tempelhofer Weg - Industriestrasse - Eisenacher Strasse - Imbrosweg - Alt-Mariendorf - U-Bhf. Alt-Mariendorf - Großbeerenstrasse - Körtingstrasse - Wilhelm-von-Siemens-Strasse - Daimlerstrasse - Fritz-Werner-Strasse - Marienfelde Daimlerstrasse,20,32,,1982,
78,bus,Ost,Arkonaplatz - Brunnenstrasse - Invalidenstrasse - Rosenthaler Platz - Alexanderplatz - S-Bhf. Jannowitzbrücke - Adalbertstrasse - U-Bhf. Märkisches Museum - Oberwallstrasse - Bhf. Friedrichstrasse - Schumannstrasse,10,31,,1982,
78,bus,West,"U-Bhf. Alt-Mariendorf - Körtingstrasse - Rennbahn Mariendorf - Pilatusweg - Titlisweg - Tauernallee - Watzmannweg - Quarzweg - Grünsteinweg - Tropfsteinweg - Asbestweg - Marienfelder Chaussee - Delmer Steig - An den Achterhöfen - Buckower Friedhof - Buckow, Alt-Buckow",20,16,,1982,
78E,bus,Ost,Arkonaplatz - Brunnenstrasse - Invalidenstrasse - Rosenthaler Platz - Alexanderplatz - S-Bhf. Jannowitzbrücke - Heinrich-Heine-Strasse - Annenstrasse - Melchiorstrasse - Adalbertstrasse,10,18,,1982,
79,bus,Ost,Alexanderstrasse - S-Bhf. Jannowitzbrücke - U-Bhf. Märkisches Museum - Französische Strasse - Otto-Grotewohl-Strasse,15,11,,1982,Kein Verkehr zwischen 7:51 und 14:03?
79,bus,West,U-Bhf. Alt-Mariendorf -  Körtingstrasse - Rennbahn Mariendorf - Pilatusweg - Titlisweg - Tauernallee - Quarzweg - Marienfelder Chaussee - Am Rötepfuhl - Rathenauer Strasse - Soldiner Strasse - Potsdamer Strasse - Kloster-Zinna-Strasse - Alt-Lichtenrade - Groß-Ziethener-Strasse - Taunusstrasse - Nahariyastrasse - Skarbinastrasse - Lichtenrade Nahariyastrasse,20,24,,1982,
8,bus,Ost,Mahlsdorfer Allee - Summter Strasse - Hultschiner Damm - Jägerstrasse - Köpenicker Strasse - Elsterwerdaer Platz - Oberfeldstrasse - Werner-Lamberz-Strasse - U-Bhf. Friedrichsfelde - Bhf. Lichtenberg,7.5,36,,1982,
8,bus,West,Flughafen Berlin-Tegel - Flugsteig 16 - Haupthalle - Verwaltungsgebäude/Luftfracht - Kaserne Südtor - U-Bhf. Kurt-Schumacher-Platz - Holländerstrasse - Gotthardstrasse - Teichstrasse - Aroser Allee - Genfer Strasse - Residenzstrasse - Stargardtstrasse - Pankower Allee - Ritterlandweg - U-Bhf. Osloer Strasse,15,24,,1982,
81,bus,West,"U-Bhf. Friedrich-Wilhelm-Platz - Stubenrauchstrasse - U-Bhf. Walther-Schreiber-Platz - Alsen-/Fregstrasse - Bismarckstrasse - Bergstrasse - Steglitzer Damm - Munsterdamm - Albrechtstrasse - Leonorenstrasse - Calandrellistrasse/Stadtbad - Rathaus Lankwitz - Lankwitz, Kirche - Bruchwitzstrasse - Alt-Lankwitz - Mühlenstrasse - Alt-Lankwitz, Dorfaue - Greinerstrasse/Dederingstrasse - Alt-Mariendorf - U-Bhf. Alt-Mariendorf - Am Heidefriedhof - Britzer Strasse - Dardanellenweg - Mariendorf Dardanellenweg",7.5,39,,1982,
82,bus,West,Blohmstrasse Ecke Wünsdorfer Strasse - Mozartstrasse - Kirchhainer Damm - Augsburger Strasse - Pechsteinstrasse - Bamberger Strasse - Münchener Strasse - Goltzstrasse - Groß-Ziethener-Strasse - Töpchiner Weg - Potsdamer Strasse - Lichtenrader Damm - Halker Zeile - Grimmstrasse - Barnetstrasse - Simpsonweg - Illigstrasse - Cecilienstrasse - Blohmstrasse/Wünsdorfer Strasse,10,28,,1982,
82,strassenbahn,Ost,Mahlsdorf-Süd - Wongrowitzer Steig - S-Bhf. Köpenick - Seelenbinderstrasse - Bahnhofstrasse - Pionierpark - Rathenaustrasse - Wilhelminenhofstrasse - Hermann-Duncker-Strasse - Stechlinstrasse - Hönower Wiesenweg - Kraftwerk - VEB Chemie-Handel - S-Bhf. Ostkreuz,12,49,,1982,
83,bus,West,"Nettelbeckplatz - Müllerstrasse - Am Nordhafen - Invalidenstrasse - Platz der Republik - Philharmonie - Potsdamer Brücke - U-Bhf. Kurfürstenstrasse - Bülowstrasse - Goebenstrasse - U-Bhf. Kleistpark - Kaiser-Wilhelm-Platz - Dominicusstrasse - U-Bhf. Innsbrucker Platz - Grazer Platz - Canovastrasse/Krankenhaus - Bergstrasse - Sternwarte und Planetarium - Steglitzer Damm - Albrechtstrasse - Calandrellistrasse/Stadtbad - Lankwitz, Kirche - Malteserstrasse - Belßstrasse - Lankwitz, Belßstrasse Ecke Preysingstrasse",12,51,,1982,
83,strassenbahn,Ost,S-Bhf. Mahlsdorf - Wilhelmsmühlenweg - Alt-Mahlsdorf - Rahnsdorfer Strasse - Ledebourstrasse - Voltastrasse - Bürgerwäldchen - Bütower Strasse - Erich-Baron-Weg - Roseggerstrasse - Mahlsdorf-Süd - Wongrowitzer Steig - S-Bhf. Köpenick - Lindenstrasse - Grünstrasse - Strassenbahn-Betriebshof - RFT-Werk - Pritstabelstrasse - VEB Yachtwerft - Lienhardweg - Wendenschloß,15,42,,1982,
84,bus,West,Lichterfelde Ringstrasse Ecke Weißwasserweg - Finckensteinallee - Berner Strasse - Kadettenweg - Karwendelstrasse - Hindenburgdamm - Bäkestrasse - Krahmerstrasse - Moltkestrasse (Klinikum) - Klingsorstrasse - Haydnstrasse - Händelplatz - Fronhoferstrasse - Albrechtstrasse - Düppelstrasse - Friedenauer Brücke - Sachsendamm - Torgauer Strasse - Gustav-Müller-Platz - Kolonnenstrasse - Kaiser-Wilhelm-Platz - U-Bhf. Kleistpark - Goebenstrasse - Bülowstrasse - U-Bhf. Kurfürstenstrasse,12,36,,1982,
84,strassenbahn,Ost,"Wasserwerk - Josef-Nawrocki-Strasse - Bölschestrasse - S-Bhf. Friedrichshagen - Hirschgarten - Brandenburgplatz - Lindenstrasse - Schloßplatz - S-Bhf. Spindlersfeld - Ottomar-Geschke-Strasse - S-Bhf. Adlershof - Kanalbrücke - Altglienicke, Kirche - Am Falkenberg",12,47,,1982,
85,bus,West,Lichterfelde-Süd Holtheimer Weg - Ostpreußendamm - Goerzallee - Thuner Platz  - Osteweg - Rittberg-Krankenhaus - Finckensteinallee - Drakestrasse - Gardeschützenweg - Moltkestrasse - Händelplatz - Birkbuschstrasse - Schloßstrasse/Wrangelstrasse - U-Bhf. Rathaus Steglitz - U-Bhf. Schloßstrasse - U-Bhf. Walther-Schreiber-Platz - Kaisereiche - Rathaus Friedenau - U-Bhf. Innsbrucker Platz - Rathaus Schöneberg - Grunewaldstrasse - Barbarossastrasse - Hohenstaufenstrasse - Motzstrasse - Wittenbergplatz,10,48,,1982,
86,bus,West,"Fehrbelliner Platz - U-Bhf. Blissestrasse - Am Volkspark - Weimarische Strasse - U-Bhf. Bundesplatz - U-Bhf. Friedrich-Wilhelm-Platz - U-Bhf. Walther-Schreiber-Platz - U-Bhf. Schloßstrasse - U-Bhf. Rathaus Steglitz - Fronhofer-/Wrangelstrasse - Klingsorstrasse - Sedanstrasse - Siemensstrasse - Stadion Lichterfelde - Königsberger Strasse - Morgensternstrasse - Giesensdorfer Strasse - Osdorfer Strasse - Fahrenheitstrasse - Lichterfelde, Celsiusstrasse",12,41,,1982,
87,bus,West,U-Bhf. Richard-Wagner-Platz - Wilmersdorfer Strasse - Luisenplatz - Klausenerplatz - Sophie-Charlotten-Strasse - Mollwitzstrasse - Heubnerweg - Pulsstrasse,20,10,,1982,
88,bus,West,"U-Bhf. Rathaus Steglitz - Fronhoferstrasse/Wrangelstrasse - Birkbuschstrasse - Breite Strasse/Haydnstrasse - Klingsorstrasse - Amfortasweg - Klinikum Steglitz - Hindenburgdamm - Moltkestrasse - Lichterfelde, Augustaplatz",10,12,,1982,
89,bus,West,Bornholmer Strasse - Prinzenallee - Koloniestrasse - U-Bhf. Osloer Strasse - Louise-Schroeder-Platz - Indische Strasse - U-Bhf. Seestrasse/Müllerstrasse - Togostrasse - Afrikanische Strasse - Seestrasse/Friedhöfe - Plötzensee/Dohnagestell - Beusselstrasse - Sickingenstrasse - Wittstocker Strasse - Huttenstrasse/Turmstrasse - Berlichingenstrasse - Wiebestrasse - Kaiserin-Augusta-Allee - Ilsenburger Strasse - U-Bhf. Mierendorffplatz,10,28,,1982,
9,bus,Ost,John-Schehr-Strasse - Am Friedrichshain - Mollstrasse - Alexanderplatz - Spandauer Strasse - Breite Strasse - Friedrichstrasse - Otto-Grotewohl-Strasse,2.5,19,,1982,
9,bus,West,Flughafen Berlin-Tegel - Flugsteig 16 - Haupthalle - Verwaltungsgeb./Luftfracht - U-Bhf. Jakob-Kaiser-Platz - Jakob-Kaiser-Platz - Luisenplatz - Kantstrasse - U-Bhf. Adenauerplatz - Olivaer Platz/Leibnizstrasse - Bleibtreustrasse - U-Bhf. Uhlandstrasse - U-Bhf. Kurfürstendamm - U-Bhf. Zoologischer Garten - Breitscheidplatz - Bayreuther Strasse - Landgrafenstrasse - Lützowplatz - Budapester Strasse,15,39,,1982,
90,bus,West,"Zoo, Hardenbergplatz - Hardenbergstrasse - Steinplatz - U-Bhf. Ernst-Reuter-Platz - Marchstrasse - Dovebrücke - Franklinstrasse - Alt-Moabit - U-Bhf. Turmstrasse - Kirchstrasse - Rathenower Strasse - Lehrter Strasse - Seydlitzstrasse - Poststadion - Perleberger Strasse - Am Nordhafen - U-Bhf. Reinickendorfer Strasse - Schulzendorfer Strasse - Neue Hochstrasse - Gartenstrasse - Hussitenstrasse - Feldstrasse - U-Bhf. Voltastrasse - Bernauer Strasse - Bernauer Strasse Ecke Wolliner Strasse ",20,39,,1982,
91,bus,West,Buckow-Süd - Am Eichenquast - Ringslebenstrasse - Buckower Damm - Mollnerweg - An den Achterhöfen - Alt-Buckow - Parkfriedhof Neukölln - Dachdeckerweg - Zimmererweg - Schlosserweg - Gutschmidtstrasse - Mohriner Allee - Fulhamer Allee - Blaschkoallee - Franz-Körner-Strasse - Germaniapromenade - Mariendorfer Weg - Siegfriedstrasse - U-Bhf. Leinestrasse - Kienitzer Strasse - U-Bhf. Boddinstrasse - Biebricher Strasse - Hermannplatz,10,29,,1982,
92,bus,Ost,S-Bhf. Marzahn - Bruno-Baum-Strasse - Alt-Marzahn - Elisabethstrasse - Cecilienstrasse - S-Bhf. Biesdorf,10,17,,1982,
92,bus,West,"Staaken Brunsbütteler Damm - Louise-Schroeder-Siedlung - Magistratsweg - Maulbeerallee - Seeburger Weg - Schmidt-Knobelsdorf-Strasse - Adamstrasse/Wilhelmstrasse - Földerichstrasse - Pichelsdorfer Strasse - Heerstrasse - Freybrücke - Pichelswerder - Stößenseebrücke - Scholzplatz - Reichssportfeldstrasse - Mohrunger Allee - U-Bhf. Theodor-Heuss-Platz - Ausstellungshallen - ICC/Omnibusbahnhof - Suarezstrasse/Amtsgericht - Kaiser-Friedrich-Strasse - U-Bhf. Wilmersdorfer Strasse - Leibnizstrasse - Savignyplatz - Zoo, Hardenbergplatz",10,47,,1982,
92E,bus,Ost,S-Bhf. Biesdorf - Wilhem-Griesinger-Krankenhaus,20,4,,1982,Kein Verkehr zwischen 7:56 und 13:16?
93,bus,Ost,Lindenhof - Siegfriedstrasse - Fanninger Strasse - U-Bhf. Lichtenberg,20,4,,1982,Kein Verkehr zwischen 6:32 und 8:02?
93,bus,West,U-Bhf. Alt-Mariendorf - Alt-Mariendorf - Britzer Strasse - Goldenes Horn - Rotkopfweg - Windröschenweg - Im Rosengrund - Straße 247 - Massiner Weg - Buckower Damm - Gutschmidtstrasse - Wesenberger Ring - Britz-Süd Gutschmidtstrasse ,20,13,,1982,
94,bus,Ost,U-Bhf. Tierpark - Zwieseler Strasse - Robert-Siewert-Strasse - Frankestrasse - U-Bhf. Tierpark,20,13,,1982,"Rundverkehr Kein Verkehr zwischen 7:40 und 13:40?"""
95,bus,Ost,"Greifswalder Strasse - Hönower Strasse - Am Rosenhag - S-Bhf. Mahlsdorf - Landréstrasse - S-Bhf. Kaulsdorf - Hellersdorf - LPG Edwin-Hoernle - Marzahn, Kirche - Pekrunstrasse - Murtzaner Ring - Bruno-Baum-Strasse - S-Bhf. Marzahn",20,34,,1982,
95,bus,West,Sonnenallee Ecke Peter-Anders-Strasse - Schulenburg-Park - Planetenstrasse - Dammweg - Ziegrastrasse - Saalestrasse - Mareschstrasse - Hertzbergplatz - Geygerstrasse - Wildenbruchstrasse - Fuldastrasse - Pannierstrasse - Sonnenallee - Hermannplatz - Schönleinstrasse - Grimmstrasse - Geibelstrasse/Urban-Krankenhaus - Baerwaldstrasse - Blücherstrasse - Johanniterstrasse - Neuenburger Strasse - Alte Jakobstrasse - Glitschiner Strasse - U-Bhf. Hallesches Tor,12,26,,1982,
96,bus,Ost,S-Bhf. Nöldnerplatz - Schlichtallee - Kraftwerk - IFA-Vertrieb - Bhf. Karlshorst - Waldowallee - U-Bhf. Tierpark - Mellenseestrasse - Volkradstrasse - Weitlingstrasse - S-Bhf. Nöldnerplatz,15,29,,1982,Rundverkehr Kein Verkehr zwischen 7:58 und 13:28?
96,bus,West,Platz der Luftbrücke - Manfred-v.-Richthofen-Strasse - Bayernring - Schreiberring - Adolf-Scheidt-Platz/Krankenhaus - Hoeppnerstrasse - Berlinickeplatz - Albrechtstrasse - Friedrich-Wilhelm-Strasse - Attilaplatz - Paul-Schmidt-Strasse - Röblingstrasse - Steglitzer Damm - Crailsheimer Strasse - Alt-Lankwitz/Krankenhaus - Bruchwitzstrasse - Lankwitz/Kirche - Seydlitzstrasse - Amalienstrasse - Kranoldplatz - Morgensternstrasse - Ostpreußendamm - Osdorfer Strasse - Wismarer Strasse - Lichterfelde Lindenstrasse,12,34,,1982,
97,bus,West,Heerstrasse/Stadtgrenze - Reimerweg - Magistratsweg - Sandstrasse - Wilhelmstrasse - Gatower Strasse - Jaczostrasse - Pichelsdorfer Strasse - Genfenbergstrasse - Adamstrasse - Weißenburger Strasse - Metzer Strasse - Ruhlebener Strasse - Rathaus Spandau - Wröhmännerpark - Triftstrasse - Parkstrasse/Lynarstrasse - Schäferstrasse - Hohenzollernring - Rauchstrasse - Mertensstrasse - Werderstrasse - Hakenfelde Aalemannufer,20,38,,1982,
99,bus,West,"Wedding, Gartenplatz - Brunnenstrasse - U-Bhf. Gesundbrunnen - U-Bhf. Pankstrasse - Nettelbeckplatz - Müllerstrasse - Rathenower Strasse - Wilhelmshavener Strasse - Beusselstrasse - Wiebestrasse - Lise-Meitner-Strasse - Tegeler Weg/DRK-Krankenhaus - Jakob-Kaiser-Platz - U-Bhf. Rohrdamm - Paulsternstrasse - Gartenfelder Strasse - Zur Zitadelle - Rathaus Spandau - Zeppelinstrasse - Falkenseer Chaussee - Wasserwerkstrasse - Stadtrandstrasse - Spandau Freudstrasse",12,75,,1982,
E,bus,West,Wannsee Kronprinzessinenweg - Nibelungenstrasse - Isoldestrasse - Drewitz,60,,,1982,
S-Bhf. Friedrichshagen <> Rüdersdorf,strassenbahn,Ost,S-Bhf. Friedrichshagen - Brösener Strasse - Waldstrasse - Goethepark - Rahnsdorfer Strasse - Dorfstrasse - Thälmannpark - Schillerstrasse - Grätzwalde - Jägerstrasse - Kalkberger Strasse - Berghof-Weiche - Berghof - Torellplatz - Kulturhaus - Rathaus - Breitscheidstrasse - Brückenstrasse - Alt-Rüdersdorf,20,42,,1982,
S-Bhf. Rahnsdorf <> Woltersdorfer Schleuse,strassenbahn,Ost,S-Bhf. Rahnsdorf - Goethestrasse - Eichendamm - Lerchenstrasse - Fasanenstrasse - Thälmannplatz - Blumenstrasse - Krankenhaus - Woltersdorfer Schleuse,20,,,1982,
1,u-bahn,West,Schlesisches Tor - Görlitzer Bahnhof - Kottbusser Tor - Prinzenstrasse - Hallesches Tor - Möckernbrücke - Gleisdreieck - Kürfürstenstrasse - Nollendorfplatz - Wittenbergplatz - Zoologischer Garten - Ernst-Reuter-Platz - Deutsche Oper - Bismarckstrasse - Sophie-Charlotte-Platz - Kaiserdamm - Theodor-Heuss-Platz - Neu-Westend - Olympia-Stadion - Ruhleben,10,x,,1982,
2,u-bahn,West,Wittenbergplatz - Augsburger Strasse - Spichernstrasse - Hohenzollernplatz - Fehrbelliner Platz - Heidelberger Platz - Rüdesheimer Platz - Breitenbachplatz - Podbielskiallee - Dahlem-Dorf - Thielplatz - Oskar-Helene-Heim - Onkel Toms Hütte - Krumme Lanke,6,22,,1982,
3,u-bahn,West,Wittenbergplatz - Kürfürstendamm - Uhlandstrasse,10,2.5,,1982,
4,u-bahn,West,Nollendorfplatz - Viktoria-Luise-Platz - Bayerischer Platz - Rathaus Schöneberg - Innsbrucker Platz,5,6,,1982,
6,u-bahn,West,Tegel - Borsigwerke - Holzhauser Strasse - Seidelstrasse - Scharnweberstrasse - Kurt-Schumacher-Platz - Afrikanische Strasse - Rehberge - Seestrasse - Leopoldplatz - Wedding - Reinickendorfer Strasse - Friedrichstrasse - Kochstrasse - Hallesches Tor - Mehringdamm - Platz der Luftbrücke - Paradestrasse - Tempelhof - Alt-Tempelhof - Kaiserin-Augusta-Strasse - Ullsteinstrasse - Westphalweg - Alt-Mariendorf,3,37,,1982,
7,u-bahn,West,Rohrdamm - Siemensdamm - Halemweg - Jakob-Kaiser-Platz - Jungfernheide - Mierendorffplatz - Richard-Wagner-Platz - Bismarckstrasse - Wilmersdorfer Strasse - Adenauer Platz - Konstanzer Strasse - Fehrbelliner Platz - Blissestrasse - Berliner Strasse - Bayerischer Platz - Eisenacher Strasse - Kleistpark - Yorckstrasse - Möckernbrücke - Mehringdamm - Gneisenaustrasse - Südstern - Hermannplatz - Rathaus Neukölln - Karl-Marx-Strasse - Neukölln - Grenzallee - Blaschkoallee - Parchimer Allee - Britz-Süd - Johannisthaler Chaussee - Lipschitzallee - Wutzkyallee - Zwickauer Damm - Rudow,3,46.5,,1982,
8,u-bahn,West,Osloer Strasse - Pankstrasse - Gesundbrunnen - Voltastrasse - Moritzplatz - Kottbusser Tor - Kottbusser Damm - Hermannplatz - Boddinstrasse - Leinestrasse,6,23,,1982,
9,u-bahn,West,Osloer Strasse - Nauener Platz - Leopoldplatz - Amrumer Strasse - Putlitzstrasse - Birkenstrasse - Turmstrasse - Hansaplatz - Zoologischer Garten - Kürfürstendamm - Spichernstrasse - Güntzelstrasse - Berliner Strasse - Bundesplatz - Friedrich-Wilhelm-Platz - Walter-Schreiber-Platz - Schloßstrasse - Rathaus Steglitz,3,22,,1982,
152,s-bahn,West,Frohnau - Hermsdorf - Waidmannslust - Wittenau (Nordbahn) - Wilhelmsruh - Schönholz - Wollankstrasse - Gesundbrunnen - Humboldthain - Friedrichstrasse - Anhalter Bahnhof - Yorckstrasse - Papestrasse - Priesterweg - Mariendorf - Marienfelde - Buckower Chaussee - Lichtenrade,,,,1982,
153,s-bahn,West,Heiligensee - Schulzendorf - Tegel - Eichbornstrasse - Wittenau (Kremmener Bahn) - Reinickendorf - Schönholz - Wollankstrasse - Gesundbrunnen - Humboldthain - Friedrichstrasse - Anhalter Bahnhof - Yorckstrasse - Papestrasse - Priesterweg - Südende - Lankwitz - Lichterfelde Ost - Lichterfelde Süd,,,,1982,
156,s-bahn,West,Friedrichstrasse - Lehrter Stadtbahnhof - Bellevue - Tiergarten - Zoologischer Garten - Savignyplatz - Charlottenburg - Westkreuz - Grunewald - Nikolassee -  Wannsee,,,,1982,
100,s-bahn,Ost,Friedrichstrasse - Marx-Engels-Platz - Alexanderplatz - Jannowitzbrücke - Ostbahnhof - Warschauer Strasse - Ostkreuz - Nöldnerplatz - Lichtenberg - Friedrichsfelde Ost - Biesdorf - Kaulsdorf - Mahlsdorf - Hoppegarten - Neuenhagen - Fredersdorf - Petershagen Nord - Strausberg - Strausberg Stadt - Strausberg Nord,20,65,,1982,
101,s-bahn,Ost,Warschauer Strasse - Ostkreuz - Nöldnerplatz - Lichtenberg - Friedrichsfelde Ost - Springpfuhl - Karl-Maron-Strasse - Marzahn - Bruno-Leuschner-Strasse - Otto-Winzer-Str,20,21,,1982,
105,s-bahn,Ost,Friedrichstrasse - Marx-Engels-Platz - Alexanderplatz - Jannowitzbrücke - Ostbahnhof - Warschauer Strasse - Ostkreuz - Rummelsburg - Betriebsbhf. Rummelsburg - Karlshorst - Wuhlheide - Köpenick - Hirschgarten - Friedrichshagen - Rahnsdorf - Wilhelmshagen - Erkner,20,45,,1982,
110,s-bahn,Ost,Friedrichstrasse - Marx-Engels-Platz - Alexanderplatz - Jannowitzbrücke - Ostbahnhof - Warschauer Strasse - Ostkreuz - Treptower Park - Plänterwald - Baumschulenweg - Schöneweide - Bhf. Schöneweide - Adlershof - Grünau - Eichwalde - Zeuthen - Wildau - Königs Wusterhausen,20,51,,1982,
115,s-bahn,Ost,Friedrichstrasse - Marx-Engels-Platz - Alexanderplatz - Jannowitzbrücke - Ostbahnhof - Warschauer Strasse - Ostkreuz - Treptower Park - Plänterwald - Baumschulenweg - Schöneweide - Bhf. Schöneweide - Adlershof - Altglienicke - Grünbergallee - Schönefeld,20,39,,1982,
140,s-bahn,Ost,Oranienburg - Lehnitz - Borgsdorf - Birkenwerder - Hohen Neuendorf - Bergfelde - Schönfließ - Blankenburg - Pankow-Heinersdorf - Pankow - Schönhauser Allee - Prenzlauer Allee - Greifswalder Strasse - Leninallee - Storkower Strasse - Frankfurter Allee - Ostkreuz - Treptower Park - Plänterwald - Baumschulenweg - Schöneweide - Bhf. Schöneweide - Adlershof - Altglienicke - Grünbergallee - Schönefeld,20,83,,1982,
141,s-bahn,Ost,Bernau - Zepernick - Röntgental - Buch - Karow - Blankenburg - Pankow-Heinersdorf - Pankow - Schönhauser Allee - Prenzlauer Allee - Greifswalder Strasse - Leninallee - Storkower Strasse - Frankfurter Allee - Ostkreuz - Treptower Park - Plänterwald - Baumschulenweg - Schöneweide - Bhf. Schöneweide - Adlershof - Grünau - Eichwalde - Zeuthen,20,73,,1982,
142,s-bahn,Ost,Blankenburg - Pankow-Heinersdorf - Pankow - Schönhauser Allee - Prenzlauer Allee - Greifswalder Strasse - Leninallee - Storkower Strasse - Frankfurter Allee - Ostkreuz - Treptower Park - Plänterwald - Baumschulenweg - Schöneweide - Oberspree - Spindlersfeld,20,41,,1982,
143,s-bahn,Ost,Buch - Karow - Blankenburg - Pankow-Heinersdorf - Pankow - Schönhauser Allee - Prenzlauer Allee - Greifswalder Strasse - Leninallee - Storkower Strasse - Frankfurter Allee - Ostkreuz - Warschauerstrasse - Ostbahnhof - Jannowitzbrücke - Alexanderplatz,20,40,,1982,
143,s-bahn,Ost,Buch - Karow - Blankenburg - Pankow-Heinersdorf - Pankow - Schönhauser Allee - Prenzlauer Allee - Greifswalder Strasse - Leninallee - Storkower Strasse - Frankfurter Allee - Ostkreuz - Treptower Park - Plänterwald - Baumschulenweg - Schöneweide,20,47,,1982,
A,u-bahn,Ost,Panko (Vinetastrasse) - Schönhauser Allee - Dimitroffstrasse - Senefelderplatz - Rosa-Luxemburg-Platz - Alexanderplatz - Klosterstrasse - Märkisches Museum - Spittelmarkt - Hausvogteiplatz - Stadtmitte - Thälmannplatz,2.5,19,,1982,
E,u-bahn,Ost,Tierpark - Friedrichsfelde - Bhf. Lichtenberg - Magdalenenstrasse - Frankfurter Allee - Samariterstrasse - Frankfurter Tor - Marchlewskistrasse - Strausberger Platz - Schillingstrasse - Alexanderplatz,4,18,,1982,
