,station_id,stop_name,line_count,type,in_lines
0,1,Pankow (Vinetastrasse),1,u-bahn,['A']
1,2,Schönhauser Allee,2,u-bahn,['A']
2,2,Schönhauser Allee,2,strassenbahn,['3']
3,3,Dimitroffstrasse,1,u-bahn,['A']
4,4,Luxemburgplatz,1,u-bahn,['A']
5,5,Alexanderplatz,2,u-bahn,"['E', 'A']"
6,6,Klosterstrasse,2,u-bahn,['A']
7,6,Klosterstrasse,2,Omnibus,['O 30']
8,7,Spittelmarkt,5,u-bahn,['A']
9,7,Spittelmarkt,5,strassenbahn,"['72', '74', '64']"
10,8,Stadtmitte,1,u-bahn,['A']
11,9,Thälmannplatz,2,u-bahn,['A']
12,9,Thälmannplatz,2,Autobus,['S-Bhf. Rahnsdorf - Woltersdorfer Schleuse']
13,10,Alexanderplatz,2,u-bahn,"['E', 'A']"
14,11,Schillingstrasse,1,u-bahn,['E']
15,12,Strausberger Platz,1,u-bahn,['E']
16,13,Marchlewskistrasse,1,u-bahn,['E']
17,14,Frankfurter Tor,4,u-bahn,['E']
18,14,Frankfurter Tor,4,strassenbahn,"['13', '4']"
19,15,Samariterstrasse,1,u-bahn,['E']
20,16,Stalinallee (Ringbahn),1,u-bahn,['E']
21,17,Magdalenenstrasse,1,u-bahn,['E']
22,18,Bahnhof Lichtenberg (Zentralfriedhof),1,u-bahn,['E']
23,19,Friedrichsfelde (Tierpark),1,u-bahn,['E']
24,20,Köpenickerstrasse Ecke Adalbertstrasse,1,Omnibus,['1']
25,21,"Alexanderplatz, Grunerstrasse",1,Omnibus,['1']
26,22,Ostbahnhof,3,strassenbahn,"['82', '1']"
27,22,Ostbahnhof,3,Omnibus,['O 40']
28,23,Breslauerstrasse Ecke Andreasstrasse,1,strassenbahn,['1']
29,24,U-Bhf. Strausberger Platz,1,strassenbahn,['1']
30,25,Leninplatz,6,strassenbahn,"['1', '63', '69', '64']"
31,25,Leninplatz,6,Omnibus,['O 40']
32,26,"Alexanderplatz, Memhardstrasse",4,strassenbahn,"['22', '1', '11']"
33,27,Brunnenstrasse Ecke Invalidenstrasse,2,strassenbahn,"['1', '11']"
34,28,Oranienburger Tor,9,strassenbahn,"['1', '46', '70', '11', '69']"
35,28,Oranienburger Tor,9,Omnibus,['O 40']
36,28,Oranienburger Tor,9,Autobus,"['A 9', 'A 59']"
37,29,Hannoversche Strasse,1,strassenbahn,['1']
38,30,S-Bhf. Warschauer Strasse,3,strassenbahn,"['3', '4']"
39,31,Holteistrasse Ecke Boshagener Strasse,1,strassenbahn,['3']
40,32,U- u. S-Bhf. Frankfurter Allee,1,strassenbahn,['3']
41,33,Roederplatz,3,strassenbahn,"['69', '3']"
42,33,Roederplatz,3,Omnibus,['O 30']
43,34,Hohenschönhaser Strasse,1,strassenbahn,['3']
44,35,Omnibus-Bf. Lichtenberger Strasse,1,strassenbahn,['3']
45,36,Klement-Gottwald-Allee,1,strassenbahn,['3']
46,37,Antonplatz,5,strassenbahn,"['70', '72', '74', '3']"
47,38,Prenzlauer Promenade,4,strassenbahn,"['70', '72', '3']"
48,38,Prenzlauer Promenade,4,Autobus,['A 56']
49,39,Schönhauser Allee,2,u-bahn,['A']
50,39,Schönhauser Allee,2,strassenbahn,['3']
51,40,Björnsonstrasse Ecke Ibsenstrasse,1,strassenbahn,['3']
52,41,S-Bhf. Warschauer Strasse,3,strassenbahn,"['3', '4']"
53,42,Grünberger Strasse,2,strassenbahn,['4']
54,43,Frankfurter Tor,4,u-bahn,['E']
55,43,Frankfurter Tor,4,strassenbahn,"['13', '4']"
56,44,Bersarinplatz,3,strassenbahn,"['13', '4']"
57,45,Leninallee,2,strassenbahn,['4']
58,46,Kniprodestrasse,2,strassenbahn,['4']
59,47,Greifswalder Strasse,2,strassenbahn,['4']
60,48,Prenzlauer Allee,2,strassenbahn,['4']
61,49,U-Bhf. Dimitroffstrasse,7,strassenbahn,"['22', '70', '13', '4']"
62,50,S-Bhf. Warschauer Strasse,3,strassenbahn,"['3', '4']"
63,51,Grünberger Strasse,2,strassenbahn,['4']
64,52,Frankfurter Tor,4,u-bahn,['E']
65,52,Frankfurter Tor,4,strassenbahn,"['13', '4']"
66,53,Bersarinplatz,3,strassenbahn,"['13', '4']"
67,54,Leninallee,2,strassenbahn,['4']
68,55,Kniprodestrasse,2,strassenbahn,['4']
69,56,Greifswalder Strasse,2,strassenbahn,['4']
70,57,Prenzlauer Allee,2,strassenbahn,['4']
71,58,U-Bhf. Dimitroffstrasse,7,strassenbahn,"['22', '70', '13', '4']"
72,59,Eberswalderstrasse Ecke Oderberger Strasse,2,strassenbahn,"['13', '4']"
73,60,Heinrich-Heine-Strasse Ecke Schmidtstrasse,1,strassenbahn,['11']
74,61,S-Bhf. Jannowitzbrücke,5,strassenbahn,"['22', '82', '64', '71', '11']"
75,62,"Alexanderplatz, Memhardstrasse",4,strassenbahn,"['22', '1', '11']"
76,63,Brunnenstrasse Ecke Invalidenstrasse,2,strassenbahn,"['1', '11']"
77,64,Oranienburger Tor,9,strassenbahn,"['1', '46', '70', '11', '69']"
78,64,Oranienburger Tor,9,Omnibus,['O 40']
79,64,Oranienburger Tor,9,Autobus,"['A 9', 'A 59']"
80,65,Bhf. Friedrichstrasse,1,strassenbahn,['11']
81,66,Am Kupfergraben,3,strassenbahn,"['70', '46', '11']"
82,67,"Rosenthal, Haupstrasse",2,strassenbahn,['22']
83,68,Nordendstrasse,2,strassenbahn,['22']
84,69,Kurt-Fischer-Platz,4,strassenbahn,"['22', '46']"
85,69,Kurt-Fischer-Platz,4,Autobus,['A 7']
86,70,"Pankow, Rathaus",7,strassenbahn,"['22', '46']"
87,70,"Pankow, Rathaus",7,Autobus,"['A 45', 'A 55', 'A 58', 'A 7']"
88,71,"Pankow, Kirche",8,strassenbahn,"['22', '49', '46']"
89,71,"Pankow, Kirche",8,Autobus,"['A 55', 'A 58', 'A 45']"
90,72,S-Bhf. Pankow,8,strassenbahn,"['22', '49', '46']"
91,72,S-Bhf. Pankow,8,Autobus,"['A 55', 'A 58', 'A 45']"
92,73,U-Bhf. Pankow (Vinetastrasse),3,strassenbahn,"['22', '46']"
93,74,Bornholmer Strasse Ecke Schönhauser Alle,2,strassenbahn,['22']
94,75,S-Bhf. Schönhauser Allee,5,strassenbahn,"['22', '49', '46']"
95,76,U-Bhf. Dimitroffstrasse,7,strassenbahn,"['22', '70', '13', '4']"
96,77,Rosenthaler Platz,6,strassenbahn,"['22', '49', '82']"
97,77,Rosenthaler Platz,6,Omnibus,['O 40']
98,78,"Alexanderplatz, Memhardstrasse",4,strassenbahn,"['22', '1', '11']"
99,79,S-Bhf. Jannowitzbrücke,5,strassenbahn,"['22', '82', '64', '71', '11']"
100,80,"Rosenthal, Haupstrasse",2,strassenbahn,['22']
101,81,Nordendstrasse,2,strassenbahn,['22']
102,82,Kurt-Fischer-Platz,4,strassenbahn,"['22', '46']"
103,82,Kurt-Fischer-Platz,4,Autobus,['A 7']
104,83,"Pankow, Rathaus",7,strassenbahn,"['22', '46']"
105,83,"Pankow, Rathaus",7,Autobus,"['A 45', 'A 55', 'A 58', 'A 7']"
106,84,"Pankow, Kirche",8,strassenbahn,"['22', '49', '46']"
107,84,"Pankow, Kirche",8,Autobus,"['A 55', 'A 58', 'A 45']"
108,85,S-Bhf. Pankow,8,strassenbahn,"['22', '49', '46']"
109,85,S-Bhf. Pankow,8,Autobus,"['A 55', 'A 58', 'A 45']"
110,86,U-Bhf. Pankow (Vinetastrasse),3,strassenbahn,"['22', '46']"
111,87,Bornholmer Strasse Ecke Schönhauser Alle,2,strassenbahn,['22']
112,88,S-Bhf. Schönhauser Allee,5,strassenbahn,"['22', '49', '46']"
113,89,U-Bhf. Dimitroffstrasse,7,strassenbahn,"['22', '70', '13', '4']"
114,90,Rosenthaler Platz,6,strassenbahn,"['22', '49', '82']"
115,90,Rosenthaler Platz,6,Omnibus,['O 40']
116,91,"Alexanderplatz, Memhardstrasse",4,strassenbahn,"['22', '1', '11']"
117,92,Wallnerstrasse Ecke Alexanderstrasse,1,strassenbahn,['22']
118,93,"Klingenberg, Blockdammweg",2,strassenbahn,['13']
119,94,Kraftwerk Klingenberg,3,strassenbahn,"['82', '13']"
120,95,Karlshorster Strasse,2,strassenbahn,['13']
121,96,Boxhagenerstrasse Ecke Holteistrasse,2,strassenbahn,['13']
122,97,Frankfurter Tor -Bersarinplatz,1,strassenbahn,['13']
123,98,Leninallee Ecke Dimitroffstrasse,2,strassenbahn,['13']
124,99,Kiniprodestrasse Ecke Dimitroffstrasse,2,strassenbahn,['13']
125,100,Greifswalder Strasse Ecke Dimitroffstrasse,2,strassenbahn,['13']
126,101,Prenzlauer Allee Ecke Dimitroffstrasse,2,strassenbahn,['13']
127,102,U-Bhf. Dimitroffstrasse,7,strassenbahn,"['22', '70', '13', '4']"
128,103,"Klingenberg, Blockdammweg",2,strassenbahn,['13']
129,104,Kraftwerk Klingenberg,3,strassenbahn,"['82', '13']"
130,105,Karlshorster Strasse,2,strassenbahn,['13']
131,106,Boxhagenerstrasse Ecke Holteistrasse,2,strassenbahn,['13']
132,107,Frankfurter Tor,4,u-bahn,['E']
133,107,Frankfurter Tor,4,strassenbahn,"['13', '4']"
134,108,Bersarinplatz,3,strassenbahn,"['13', '4']"
135,109,Leninallee Ecke Dimitroffstrasse,2,strassenbahn,['13']
136,110,Kiniprodestrasse Ecke Dimitroffstrasse,2,strassenbahn,['13']
137,111,Greifswalder Strasse Ecke Dimitroffstrasse,2,strassenbahn,['13']
138,112,Prenzlauer Allee Ecke Dimitroffstrasse,2,strassenbahn,['13']
139,113,U-Bhf. Dimitroffstrasse,7,strassenbahn,"['22', '70', '13', '4']"
140,114,Eberswalderstrasse Ecke Oderberger Strasse,2,strassenbahn,"['13', '4']"
141,115,Nordend,2,strassenbahn,['46']
142,115,Nordend,2,Autobus,['A 7']
143,116,Ossietzkyplatz,1,strassenbahn,['46']
144,117,Kurt-Fischer-Platz,4,strassenbahn,"['22', '46']"
145,117,Kurt-Fischer-Platz,4,Autobus,['A 7']
146,118,"Pankow, Rathaus",7,strassenbahn,"['22', '46']"
147,118,"Pankow, Rathaus",7,Autobus,"['A 45', 'A 55', 'A 58', 'A 7']"
148,119,"Pankow, Kirche",8,strassenbahn,"['22', '49', '46']"
149,119,"Pankow, Kirche",8,Autobus,"['A 55', 'A 58', 'A 45']"
150,120,S-Bhf. Pankow,8,strassenbahn,"['22', '49', '46']"
151,120,S-Bhf. Pankow,8,Autobus,"['A 55', 'A 58', 'A 45']"
152,121,U-Bhf. Pankow (Vinetastrasse),3,strassenbahn,"['22', '46']"
153,122,Bornholmer Strasse Ecke Schönhauser Allee,1,strassenbahn,['46']
154,123,S-Bhf. Schönhauser Allee,5,strassenbahn,"['22', '49', '46']"
155,124,U-Bhf. Dimitroffstrasse,3,strassenbahn,"['49', '46']"
156,125,Brunnenstrasse Ecke Invalidenstrasse,3,strassenbahn,"['82', '70', '46']"
157,126,Oranienburger Tor,9,strassenbahn,"['1', '46', '70', '11', '69']"
158,126,Oranienburger Tor,9,Omnibus,['O 40']
159,126,Oranienburger Tor,9,Autobus,"['A 9', 'A 59']"
160,127,Bhf. Friedrichstrasse,6,strassenbahn,"['70', '46']"
161,127,Bhf. Friedrichstrasse,6,Autobus,"['A 57', 'A 9', 'A 59']"
162,128,Am Kupfergraben,3,strassenbahn,"['70', '46', '11']"
163,129,"Bucholz, Hauptstrasse",1,strassenbahn,['49']
164,130,Rosenthaler Strasse,1,strassenbahn,['49']
165,131,Blankenburger Strasse,1,strassenbahn,['49']
166,132,Galenusstrasse/ Krankenhaus Pankow,2,strassenbahn,['49']
167,133,"Pankow, Kirche",8,strassenbahn,"['22', '49', '46']"
168,133,"Pankow, Kirche",8,Autobus,"['A 55', 'A 58', 'A 45']"
169,134,S-Bhf. Pankow,8,strassenbahn,"['22', '49', '46']"
170,134,S-Bhf. Pankow,8,Autobus,"['A 55', 'A 58', 'A 45']"
171,135,U-Bhf. Pankow (Vinetastrasse),4,strassenbahn,['49']
172,135,U-Bhf. Pankow (Vinetastrasse),4,Autobus,"['A 58', 'A 7']"
173,136,Bornholmer Strasse Ecke Schönhauser Allee,1,strassenbahn,['49']
174,137,S-Bhf. Schönhauser Allee,5,strassenbahn,"['22', '49', '46']"
175,138,U-Bhf. Dimitroffstrasse,3,strassenbahn,"['49', '46']"
176,139,Rosenthaler Platz,6,strassenbahn,"['22', '49', '82']"
177,139,Rosenthaler Platz,6,Omnibus,['O 40']
178,140,Hackescher Markt,3,strassenbahn,"['69', '63', '49']"
179,141,"Bucholz, Elfenallee",1,strassenbahn,['49']
180,142,Bahnhofstrasse,1,strassenbahn,['49']
181,143,Margaretenaue,1,strassenbahn,['49']
182,144,Galenusstrasse/ Krankenhaus Pankow,2,strassenbahn,['49']
183,145,S-Bhf. Pankow-Heinersdorf,1,strassenbahn,['49']
184,146,"Pankow, Kirche",8,strassenbahn,"['22', '49', '46']"
185,146,"Pankow, Kirche",8,Autobus,"['A 55', 'A 58', 'A 45']"
186,147,S-Bhf. Pankow,8,strassenbahn,"['22', '49', '46']"
187,147,S-Bhf. Pankow,8,Autobus,"['A 55', 'A 58', 'A 45']"
188,148,U-Bhf. Pankow (Vinetastrasse),4,strassenbahn,['49']
189,148,U-Bhf. Pankow (Vinetastrasse),4,Autobus,"['A 58', 'A 7']"
190,149,Wisbyer Strasse Strasse Ecke Schönhauser Allee,1,strassenbahn,['49']
191,150,S-Bhf. Schönhauser Allee,5,strassenbahn,"['22', '49', '46']"
192,151,U-Bhf. Dimitroffstrasse,3,strassenbahn,"['49', '46']"
193,152,Rosenthaler Platz,6,strassenbahn,"['22', '49', '82']"
194,152,Rosenthaler Platz,6,Omnibus,['O 40']
195,153,S-Bhf. Marx-Engels-Platz,1,strassenbahn,['49']
196,154,Große Präsidentenstrasse,2,strassenbahn,"['63', '49']"
197,155,"Hohenschönhausen, Gartenstadt",2,strassenbahn,['63']
198,156,Falkenbergerstrasse Ecke Wartenberger Strasse,2,strassenbahn,['63']
199,157,"Hauptstr,/Berliner Strasse",2,strassenbahn,['63']
200,158,Degnerstrasse,2,strassenbahn,['63']
201,159,Weißenseer Weg,3,strassenbahn,['63']
202,159,Weißenseer Weg,3,Omnibus,['O 37']
203,160,Steuerhaus,5,strassenbahn,"['69', '63', '64']"
204,160,Steuerhaus,5,Omnibus,['O 37']
205,161,Dimitroffstrasse Ecke Leninallee,2,strassenbahn,"['69', '63']"
206,162,Leninplatz,6,strassenbahn,"['1', '63', '69', '64']"
207,162,Leninplatz,6,Omnibus,['O 40']
208,163,"Alexanderplatz, Memhardstrasse",7,strassenbahn,"['82', '74', '63', '71', '72']"
209,164,Hackescher Markt,3,strassenbahn,"['69', '63', '49']"
210,165,"Hohenschönhausen, Gartenstadt",2,strassenbahn,['63']
211,166,Falkenbergerstrasse Ecke Wartenberger Strasse,2,strassenbahn,['63']
212,167,"Hauptstr,/Berliner Strasse",2,strassenbahn,['63']
213,168,Degnerstrasse,2,strassenbahn,['63']
214,169,Weißenseer Weg,3,strassenbahn,['63']
215,169,Weißenseer Weg,3,Omnibus,['O 37']
216,170,Steuerhaus,5,strassenbahn,"['69', '63', '64']"
217,170,Steuerhaus,5,Omnibus,['O 37']
218,171,Bersarinstrasse Ecke Leninallee,1,strassenbahn,['63']
219,172,Leninplatz,6,strassenbahn,"['1', '63', '69', '64']"
220,172,Leninplatz,6,Omnibus,['O 40']
221,173,"Alexanderplatz, Memhardstrasse",7,strassenbahn,"['82', '74', '63', '71', '72']"
222,174,Große Präsidentenstrasse,2,strassenbahn,"['63', '49']"
223,175,"Hohenschönhausen, Falkenberger Strasse",2,strassenbahn,"['70', '64']"
224,176,Hauptstrasse/Berliner Strasse,1,strassenbahn,['64']
225,177,Degnerstrasse Ecke Berlinerstrasse,1,strassenbahn,['64']
226,178,Weißenseer Weg Ecke Berliner Strasse,1,strassenbahn,['64']
227,179,Steuerhaus,5,strassenbahn,"['69', '63', '64']"
228,179,Steuerhaus,5,Omnibus,['O 37']
229,180,Dimitroffstrasse Ecke Leninallee,1,strassenbahn,['64']
230,181,Leninplatz,6,strassenbahn,"['1', '63', '69', '64']"
231,181,Leninplatz,6,Omnibus,['O 40']
232,182,"Alexanderplatz, Leninallee",2,strassenbahn,"['69', '64']"
233,183,S-Bhf. Jannowitzbrücke,5,strassenbahn,"['22', '82', '64', '71', '11']"
234,184,Heinrich-Heine-Strasse,1,strassenbahn,['64']
235,185,Spittelmarkt,5,u-bahn,['A']
236,185,Spittelmarkt,5,strassenbahn,"['72', '74', '64']"
237,186,Dönhoffplatz,1,strassenbahn,['64']
238,187,"Johannisthal, Haeckelstrasse",1,strassenbahn,['69']
239,188,Bhf. Schöneweide,5,strassenbahn,"['69', '92', '95']"
240,188,Bhf. Schöneweide,5,Autobus,"['A 47', 'A 26']"
241,189,Wilhelminenhofstrasse,1,strassenbahn,['69']
242,190,S-Bhf. Karlshorst,1,strassenbahn,['69']
243,191,Hochschule für Ökonomie,1,strassenbahn,['69']
244,192,Tierpark Berlin,1,strassenbahn,['69']
245,193,Alt-Friedrichsfele/Am Tierpark,1,strassenbahn,['69']
246,194,Bhf. Lichtenberg,3,strassenbahn,['69']
247,194,Bhf. Lichtenberg,3,Omnibus,"['O 30', 'O 37']"
248,195,Bf. Siegfriedstrasse,3,strassenbahn,['69']
249,195,Bf. Siegfriedstrasse,3,Omnibus,"['O 30', 'O 37']"
250,196,Siegfriestrasse Ecke Herzbergstrasse,1,strassenbahn,['69']
251,197,Roederplatz,3,strassenbahn,"['69', '3']"
252,197,Roederplatz,3,Omnibus,['O 30']
253,198,Steuerhaus,5,strassenbahn,"['69', '63', '64']"
254,198,Steuerhaus,5,Omnibus,['O 37']
255,199,Dimitroffstrasse Ecke Leninallee,2,strassenbahn,"['69', '63']"
256,200,Leninplatz,6,strassenbahn,"['1', '63', '69', '64']"
257,200,Leninplatz,6,Omnibus,['O 40']
258,201,"Alexanderplatz, Leninallee",2,strassenbahn,"['69', '64']"
259,202,Hackescher Markt,3,strassenbahn,"['69', '63', '49']"
260,203,Oranienburger Tor,9,strassenbahn,"['1', '46', '70', '11', '69']"
261,203,Oranienburger Tor,9,Omnibus,['O 40']
262,203,Oranienburger Tor,9,Autobus,"['A 9', 'A 59']"
263,204,Walter-Ulbricht-Stadion,3,strassenbahn,"['82', '69']"
264,204,Walter-Ulbricht-Stadion,3,Autobus,['A 59']
265,205,"Hohenschönhausen, Falkenberger Strasse",2,strassenbahn,"['70', '64']"
266,206,Hauptstrasse/Suermondstrasse,1,strassenbahn,['70']
267,207,Stadion Buschallee,1,strassenbahn,['70']
268,208,Buschallee/K.-Gottwald-Allee,1,strassenbahn,['70']
269,209,Lichtenberger Strasse Ecke Buschallee,1,strassenbahn,['70']
270,210,Antonplatz,5,strassenbahn,"['70', '72', '74', '3']"
271,211,Prenzlauer Promenade,4,strassenbahn,"['70', '72', '3']"
272,211,Prenzlauer Promenade,4,Autobus,['A 56']
273,212,Humannplatz,1,strassenbahn,['70']
274,213,U-Bhf. Dimitroffstrasse,7,strassenbahn,"['22', '70', '13', '4']"
275,214,Brunnenstrasse Ecke Invalidenstrasse,3,strassenbahn,"['82', '70', '46']"
276,215,Oranienburger Tor,9,strassenbahn,"['1', '46', '70', '11', '69']"
277,215,Oranienburger Tor,9,Omnibus,['O 40']
278,215,Oranienburger Tor,9,Autobus,"['A 9', 'A 59']"
279,216,Bhf. Friedrichstrasse,6,strassenbahn,"['70', '46']"
280,216,Bhf. Friedrichstrasse,6,Autobus,"['A 57', 'A 9', 'A 59']"
281,217,Am Kupfergraben,3,strassenbahn,"['70', '46', '11']"
282,218,"Heinersdorf, Romain-Rolland-Strasse",2,strassenbahn,['71']
283,219,"Heinersdorf, Kirche",3,strassenbahn,['71']
284,219,"Heinersdorf, Kirche",3,Autobus,['A 42']
285,220,Am Steinberg,4,strassenbahn,['71']
286,220,Am Steinberg,4,Autobus,"['A 45', 'A 42']"
287,221,Prenzlauer Promenade (Spitze),3,strassenbahn,['71']
288,221,Prenzlauer Promenade (Spitze),3,Autobus,['A 42']
289,222,S-Bhf. Prenzlauer Allee,3,strassenbahn,"['72', '71']"
290,223,Dimitroffstrasse Ecke Prenzlauer Allee,3,strassenbahn,"['72', '71']"
291,224,Saarbrücker Strasse Ecke Prenzlauer Allee,2,strassenbahn,"['72', '71']"
292,225,"Alexanderplatz, Memhardstrasse",7,strassenbahn,"['82', '74', '63', '71', '72']"
293,226,S-Bhf. Jannowitzbrücke,5,strassenbahn,"['22', '82', '64', '71', '11']"
294,227,Molkenmarkt,4,strassenbahn,"['72', '74', '71']"
295,228,"Heinersdorf, Romain-Rolland-Strasse",2,strassenbahn,['71']
296,229,"Heinersdorf, Kirche",3,strassenbahn,['71']
297,229,"Heinersdorf, Kirche",3,Autobus,['A 42']
298,230,Am Steinberg,4,strassenbahn,['71']
299,230,Am Steinberg,4,Autobus,"['A 45', 'A 42']"
300,231,Prenzlauer Promenade (Spitze),3,strassenbahn,['71']
301,231,Prenzlauer Promenade (Spitze),3,Autobus,['A 42']
302,232,S-Bhf. Prenzlauer Allee,3,strassenbahn,"['72', '71']"
303,233,Dimitroffstrasse Ecke Prenzlauer Allee,3,strassenbahn,"['72', '71']"
304,234,Prenzlauer Tor,2,strassenbahn,['71']
305,234,Prenzlauer Tor,2,Omnibus,['O 40']
306,235,"Alexanderplatz, Grunerstrasse",1,strassenbahn,['71']
307,236,Wallnerstrasse Ecke Alexanderstrasse,1,strassenbahn,['71']
308,237,Jüdenstrasse,1,strassenbahn,['71']
309,238,"Weißensee, Pasedagplatz",1,strassenbahn,['72']
310,239,Klement-Gottwald-Allee/Rennbahnstrasse,3,strassenbahn,['72']
311,239,Klement-Gottwald-Allee/Rennbahnstrasse,3,Autobus,"['A 46', 'A 45']"
312,240,Buschallee Ecke Berlinerstrasse,1,strassenbahn,['72']
313,241,Lichtenberger Strasse Ecke Berlinerstrasse,1,strassenbahn,['72']
314,242,Antonplatz,5,strassenbahn,"['70', '72', '74', '3']"
315,243,Prenzlauer Promenade,4,strassenbahn,"['70', '72', '3']"
316,243,Prenzlauer Promenade,4,Autobus,['A 56']
317,244,S-Bhf. Prenzlauer Allee,3,strassenbahn,"['72', '71']"
318,245,Dimitroffstrasse Ecke Prenzlauer Allee,3,strassenbahn,"['72', '71']"
319,246,Saarbrücker Strasse Ecke Prenzlauer Allee,2,strassenbahn,"['72', '71']"
320,247,"Alexanderplatz, Memhardstrasse",7,strassenbahn,"['82', '74', '63', '71', '72']"
321,248,Molkenmarkt,4,strassenbahn,"['72', '74', '71']"
322,249,Spittelmarkt,5,u-bahn,['A']
323,249,Spittelmarkt,5,strassenbahn,"['72', '74', '64']"
324,250,Charlottenstrasse,1,strassenbahn,['72']
325,251,Taubenstrasse Ecke Glinkastrasse,1,strassenbahn,['72']
326,252,"Weißensee, Pasedagplatz/Klement-Gottwald-Allee",1,strassenbahn,['74']
327,253,Antonplatz,5,strassenbahn,"['70', '72', '74', '3']"
328,254,S-Bhf. Greifswalder Strasse,2,strassenbahn,['74']
329,255,Dimitroffstrasse Ecke Greifswalderstrasse,2,strassenbahn,['74']
330,256,Königstor,6,strassenbahn,['74']
331,256,Königstor,6,Omnibus,['O 40']
332,256,Königstor,6,Autobus,"['A 57', 'A 9']"
333,257,"Alexanderplatz, Memhardstrasse",7,strassenbahn,"['82', '74', '63', '71', '72']"
334,258,Molkenmarkt,4,strassenbahn,"['72', '74', '71']"
335,259,Spittelmarkt,5,u-bahn,['A']
336,259,Spittelmarkt,5,strassenbahn,"['72', '74', '64']"
337,260,Wilhelmstrasse Ecke Leipziger Strasse,2,strassenbahn,['74']
338,261,Rennbahnstrasse Ecke Bernkasteler Strasse,1,strassenbahn,['74']
339,262,Lichtenberger Strasse Ecke Berlinerstrasse,1,strassenbahn,['74']
340,263,Antonplatz,5,strassenbahn,"['70', '72', '74', '3']"
341,264,S-Bhf. Greifswalder Strasse,2,strassenbahn,['74']
342,265,Dimitroffstrasse Ecke Greifswalderstrasse,2,strassenbahn,['74']
343,266,Königstor,6,strassenbahn,['74']
344,266,Königstor,6,Omnibus,['O 40']
345,266,Königstor,6,Autobus,"['A 57', 'A 9']"
346,267,"Alexanderplatz, Memhardstrasse",7,strassenbahn,"['82', '74', '63', '71', '72']"
347,268,Molkenmarkt,4,strassenbahn,"['72', '74', '71']"
348,269,Spittelmarkt,5,u-bahn,['A']
349,269,Spittelmarkt,5,strassenbahn,"['72', '74', '64']"
350,270,Wilhelmstrasse Ecke Leipziger Strasse,2,strassenbahn,['74']
351,271,"Mahlsdorf-Süd, Hubertus",2,strassenbahn,"['82', '86']"
352,272,S-Bhf. Köpenick,4,strassenbahn,"['82', '86', '83']"
353,272,S-Bhf. Köpenick,4,Autobus,['A 27']
354,273,lindenstrasse/Hegelschule,1,strassenbahn,['82']
355,274,Parkstrasse Ecke An der Wuhlheide,1,strassenbahn,['82']
356,275,Edisonstrasse Ecke An der Wuhlheide,2,strassenbahn,"['82', '95']"
357,276,Ehrlichstrasse Ecke Treskowallee,1,strassenbahn,['82']
358,277,Kraftwerk Klingenberg,3,strassenbahn,"['82', '13']"
359,278,S-Bhf. Ostkreuz,1,strassenbahn,['82']
360,279,Stralauer Allee,1,strassenbahn,['82']
361,280,Warschauer Strasse,2,strassenbahn,['82']
362,280,Warschauer Strasse,2,Omnibus,['O 30']
363,281,Ostbahnhof,3,strassenbahn,"['82', '1']"
364,281,Ostbahnhof,3,Omnibus,['O 40']
365,282,S-Bhf. Jannowitzbrücke,5,strassenbahn,"['22', '82', '64', '71', '11']"
366,283,"Alexanderplatz, Memhardstrasse",7,strassenbahn,"['82', '74', '63', '71', '72']"
367,284,Rosenthaler Platz,6,strassenbahn,"['22', '49', '82']"
368,284,Rosenthaler Platz,6,Omnibus,['O 40']
369,285,Brunnenstrasse Ecke Invalidenstrasse,3,strassenbahn,"['82', '70', '46']"
370,286,Invalidenstrasse Ecke Chausseestrasse,2,strassenbahn,['82']
371,286,Invalidenstrasse Ecke Chausseestrasse,2,Autobus,['A 59']
372,287,Walter-Ulbricht-Stadion,3,strassenbahn,"['82', '69']"
373,287,Walter-Ulbricht-Stadion,3,Autobus,['A 59']
374,288,Wendenschloß,1,strassenbahn,['83']
375,289,VEB Schiffswerft,1,strassenbahn,['83']
376,290,Strab. Bf. Köpenick,1,strassenbahn,['83']
377,291,Bahnhofstrasse/Lindenstrasse,1,strassenbahn,['83']
378,292,Seelenbinderstrasse,1,strassenbahn,['83']
379,293,S-Bhf. Köpenick,4,strassenbahn,"['82', '86', '83']"
380,293,S-Bhf. Köpenick,4,Autobus,['A 27']
381,294,Mahlsdorf-Süd,1,strassenbahn,['83']
382,295,Bürgerwäldchen,1,strassenbahn,['83']
383,296,Rahnsdorfer Strasse Ecke Hultschiner Damm,1,strassenbahn,['83']
384,297,S-Bhf. Mahlsdorf,3,strassenbahn,['83']
385,297,S-Bhf. Mahlsdorf,3,Autobus,"['A 44', 'A 44 E']"
386,298,"Altglienicke, Am Falkenberg",1,strassenbahn,['84']
387,299,"Altglienicke, Kirche",2,strassenbahn,['84']
388,299,"Altglienicke, Kirche",2,Autobus,['A 23']
389,300,S-Bhf. Adlershof,1,strassenbahn,['84']
390,301,S-Bhf. Spindlersfeld,1,strassenbahn,['84']
391,302,Köllnischer Platz,2,strassenbahn,"['84', '86']"
392,303,Bahnhofstrasse Ecke Lindenstrasse,4,strassenbahn,"['84', '87', '86']"
393,303,Bahnhofstrasse Ecke Lindenstrasse,4,Autobus,['A 27']
394,304,Seelenbinderstrasse Ecke Lindenstrasse,2,strassenbahn,"['84', '86']"
395,305,Hirschgarten,2,strassenbahn,"['84', '87']"
396,306,S-Bhf. Friedrichshagen,3,strassenbahn,"['84', '87']"
397,306,S-Bhf. Friedrichshagen,3,Autobus,"['S-Bhf. Friedrichshagen - Rüdersdorf, Karl-Marx-Platz']"
398,307,"Bölschestrasse, Brauerei",2,strassenbahn,"['84', '87']"
399,308,"Friedrichshagen, Wasserwerk",1,strassenbahn,['84']
400,309,Alt-Schmöckwitz,3,strassenbahn,['86']
401,309,Alt-Schmöckwitz,3,Autobus,"['Schmöckwitz - Ziegenhals', 'Schmöckwitz - Eichwalde']"
402,310,Karolinenhof Mitte,1,strassenbahn,['86']
403,311,Richtershorn,1,strassenbahn,['86']
404,312,Freibad Grünau,1,strassenbahn,['86']
405,313,S-Bhf. Grünau,3,strassenbahn,['86']
406,313,S-Bhf. Grünau,3,Autobus,"['A 36', 'A 38']"
407,314,Chemische Fabrik,1,strassenbahn,['86']
408,315,Köllnischer Platz,2,strassenbahn,"['84', '86']"
409,316,Bahnhofstrasse Ecke Lindenstrasse,4,strassenbahn,"['84', '87', '86']"
410,316,Bahnhofstrasse Ecke Lindenstrasse,4,Autobus,['A 27']
411,317,Seelenbinderstrasse Ecke Lindenstrasse,2,strassenbahn,"['84', '86']"
412,318,S-Bhf. Köpenick,4,strassenbahn,"['82', '86', '83']"
413,318,S-Bhf. Köpenick,4,Autobus,['A 27']
414,319,Hirtestrasse,1,strassenbahn,['86']
415,320,"Mahlsdorf-Süd, Hubertus",2,strassenbahn,"['82', '86']"
416,321,Rahnsdorf,1,strassenbahn,['87']
417,322,Wasserwerk,1,strassenbahn,['87']
418,323,S-Bhf. Friedrichshagen,3,strassenbahn,"['84', '87']"
419,323,S-Bhf. Friedrichshagen,3,Autobus,"['S-Bhf. Friedrichshagen - Rüdersdorf, Karl-Marx-Platz']"
420,324,"Bölschestrasse, Brauerei",2,strassenbahn,"['84', '87']"
421,325,Hirschgarten,2,strassenbahn,"['84', '87']"
422,326,Seelenbinderstrasse Ecke Bahnhofstrasse,1,strassenbahn,['87']
423,327,Bahnhofstrasse Ecke Lindenstrasse,4,strassenbahn,"['84', '87', '86']"
424,327,Bahnhofstrasse Ecke Lindenstrasse,4,Autobus,['A 27']
425,328,Parkstrasse Ecke Lindenstrasse,1,strassenbahn,['87']
426,329,Wilhelminenhofstrasse Ecke Edisonstrasse,1,strassenbahn,['87']
427,330,"Bhf. Schöneweide, Brückenstrasse",1,strassenbahn,['87']
428,331,Kali-Chemie,3,strassenbahn,"['87', '92', '95']"
429,332,Baumschulenstrasse,4,strassenbahn,"['87', '92', '95']"
430,332,Baumschulenstrasse,4,Autobus,['A 47']
431,333,S-Bhf. Plänterwald,2,strassenbahn,"['87', '92']"
432,334,Elsenstrasse/S-Bhf. Treptower Park,2,strassenbahn,"['87', '92']"
433,335,"Wiener Brücke, Krüllstrasse",1,strassenbahn,['87']
434,336,"Oberspree, Bruno-Bürgel-Weg",1,strassenbahn,['92']
435,337,Bhf. Schöneweide,5,strassenbahn,"['69', '92', '95']"
436,337,Bhf. Schöneweide,5,Autobus,"['A 47', 'A 26']"
437,338,Kali-Chemie,3,strassenbahn,"['87', '92', '95']"
438,339,Baumschulenstrasse,4,strassenbahn,"['87', '92', '95']"
439,339,Baumschulenstrasse,4,Autobus,['A 47']
440,340,S-Bhf. Plänterwald,2,strassenbahn,"['87', '92']"
441,341,Elsenstrasse/S-Bhf. Treptower Park,2,strassenbahn,"['87', '92']"
442,342,Wiener Brücke,1,strassenbahn,['92']
443,343,Krankenhaus Köpenick,2,strassenbahn,['95']
444,343,Krankenhaus Köpenick,2,Autobus,['A 27']
445,344,Lindenstrasse Ecke Bahnhofstrasse,1,strassenbahn,['95']
446,345,Parkstrasse Ecke An der Wulheide,1,strassenbahn,['95']
447,346,Edisonstrasse Ecke An der Wuhlheide,2,strassenbahn,"['82', '95']"
448,347,Bhf. Schöneweide,5,strassenbahn,"['69', '92', '95']"
449,347,Bhf. Schöneweide,5,Autobus,"['A 47', 'A 26']"
450,348,Kali-Chemie,3,strassenbahn,"['87', '92', '95']"
451,349,Baumschulenstrasse,4,strassenbahn,"['87', '92', '95']"
452,349,Baumschulenstrasse,4,Autobus,['A 47']
453,350,S-Bhf. Baumschulenweg,3,strassenbahn,"['95P', '95']"
454,350,S-Bhf. Baumschulenweg,3,Autobus,['A 47']
455,351,S-Bhf. Baumschulenweg,3,strassenbahn,"['95P', '95']"
456,351,S-Bhf. Baumschulenweg,3,Autobus,['A 47']
457,352,Sonnenallee,1,strassenbahn,['95P']
458,353,Klosterstrasse,1,Omnibus,['O 30']
459,354,Andreasstrasse,1,Omnibus,['O 30']
460,355,Küstriner Platz,2,Omnibus,"['O 30', 'O 40']"
461,356,Warschauer Strasse,2,strassenbahn,['82']
462,356,Warschauer Strasse,2,Omnibus,['O 30']
463,357,Boxhagenerstrasse Ecke Holteistrasse,1,Omnibus,['O 30']
464,358,S-Bhf. Rummelsburg,1,Omnibus,['O 30']
465,359,Bhf. Lichtenberg,3,strassenbahn,['69']
466,359,Bhf. Lichtenberg,3,Omnibus,"['O 30', 'O 37']"
467,360,Bf. Siegfriedstrasse,3,strassenbahn,['69']
468,360,Bf. Siegfriedstrasse,3,Omnibus,"['O 30', 'O 37']"
469,361,Roederplatz,3,strassenbahn,"['69', '3']"
470,361,Roederplatz,3,Omnibus,['O 30']
471,362,Proskauerstrasse Ecke Dolziger Strasse,1,Omnibus,['O 30']
472,363,Bertystrasse Ecke Leninallee,1,Omnibus,['O 30']
473,364,Greifswalderstrasse Ecke Dimitroffstrasse,1,Omnibus,['O 30']
474,365,S-Bhf. Alexanderplatz,4,Omnibus,['O 30']
475,365,S-Bhf. Alexanderplatz,4,Autobus,"['A 57', 'A 9']"
476,366,Klosterstrasse,2,u-bahn,['A']
477,366,Klosterstrasse,2,Omnibus,['O 30']
478,367,Bf. Siegfriedstrasse,3,strassenbahn,['69']
479,367,Bf. Siegfriedstrasse,3,Omnibus,"['O 30', 'O 37']"
480,368,Bhf. Lichtenberg,3,strassenbahn,['69']
481,368,Bhf. Lichtenberg,3,Omnibus,"['O 30', 'O 37']"
482,369,Alt-Friedrichsfelde/Am Tierpark,3,Omnibus,['O 37']
483,369,Alt-Friedrichsfelde/Am Tierpark,3,Autobus,"['A 43', 'A 8']"
484,370,"Alt-Biesdorf, Oberfelderstrasse",2,Omnibus,['O 37']
485,370,"Alt-Biesdorf, Oberfelderstrasse",2,Autobus,['A 8']
486,371,S-Bhf. Biesdorf,1,Omnibus,['O 37']
487,372,Elisabethstrasse,1,Omnibus,['O 37']
488,373,"Alt-Marzahn, Kirche",1,Omnibus,['O 37']
489,374,Marzahner Chaussee,1,Omnibus,['O 37']
490,375,Bürnersfelde,1,Omnibus,['O 37']
491,376,Dingelstädter Strasse,1,Omnibus,['O 37']
492,377,Genslerstrasse/Siegfriedstrasse,1,Omnibus,['O 37']
493,378,Weißenseer Weg,3,strassenbahn,['63']
494,378,Weißenseer Weg,3,Omnibus,['O 37']
495,379,Steuerhaus,5,strassenbahn,"['69', '63', '64']"
496,379,Steuerhaus,5,Omnibus,['O 37']
497,380,Dimitroffstrasse/Leninallee,1,Omnibus,['O 37']
498,381,Ostbahnhof,3,strassenbahn,"['82', '1']"
499,381,Ostbahnhof,3,Omnibus,['O 40']
500,382,Küstriner Platz,2,Omnibus,"['O 30', 'O 40']"
501,383,Karl-Marx-Allee,1,Omnibus,['O 40']
502,384,Leninplatz,6,strassenbahn,"['1', '63', '69', '64']"
503,384,Leninplatz,6,Omnibus,['O 40']
504,385,Königstor,6,strassenbahn,['74']
505,385,Königstor,6,Omnibus,['O 40']
506,385,Königstor,6,Autobus,"['A 57', 'A 9']"
507,386,Prenzlauer Tor,2,strassenbahn,['71']
508,386,Prenzlauer Tor,2,Omnibus,['O 40']
509,387,Rosenthaler Platz,6,strassenbahn,"['22', '49', '82']"
510,387,Rosenthaler Platz,6,Omnibus,['O 40']
511,388,Oranienburger Tor,9,strassenbahn,"['1', '46', '70', '11', '69']"
512,388,Oranienburger Tor,9,Omnibus,['O 40']
513,388,Oranienburger Tor,9,Autobus,"['A 9', 'A 59']"
514,389,Robert-Koch-Platz,2,Omnibus,['O 40']
515,389,Robert-Koch-Platz,2,Autobus,['A 57']
516,390,"Glienicke, Kirche",1,Autobus,['A 7']
517,391,Elsässer Strasse,1,Autobus,['A 7']
518,392,"Schildow, Kirche",1,Autobus,['A 7']
519,393,"Blankenfelde, Hauptstrasse",1,Autobus,['A 7']
520,394,Nordend,2,strassenbahn,['46']
521,394,Nordend,2,Autobus,['A 7']
522,395,Kurt-Fischer-Platz,4,strassenbahn,"['22', '46']"
523,395,Kurt-Fischer-Platz,4,Autobus,['A 7']
524,396,"Pankow, Rathaus",7,strassenbahn,"['22', '46']"
525,396,"Pankow, Rathaus",7,Autobus,"['A 45', 'A 55', 'A 58', 'A 7']"
526,397,U-Bhf. Pankow (Vinetastrasse),4,strassenbahn,['49']
527,397,U-Bhf. Pankow (Vinetastrasse),4,Autobus,"['A 58', 'A 7']"
528,398,"Waldesruh, Mahlsdorfer Allee",1,Autobus,['A 8']
529,399,Fichtestrasse Ecke Schopenhauerstrasse,1,Autobus,['A 8']
530,400,Hultschiner Damm,1,Autobus,['A 8']
531,401,Sadowastrasse,1,Autobus,['A 8']
532,402,Chemnitzerstrasse Ecke Ulmenstrasse,1,Autobus,['A 8']
533,403,"Alt-Biesdorf, Oberfelderstrasse",2,Omnibus,['O 37']
534,403,"Alt-Biesdorf, Oberfelderstrasse",2,Autobus,['A 8']
535,404,Alt-Friedrichsfelde/Am Tierpark,3,Omnibus,['O 37']
536,404,Alt-Friedrichsfelde/Am Tierpark,3,Autobus,"['A 43', 'A 8']"
537,405,U-Bhf. Friedrichsfelde (Tierpark),2,Autobus,"['A 43', 'A 8']"
538,406,Kurische Strasse,2,Autobus,['A 9']
539,407,Dimitroffstrasse Ecke Bötzowstrasse,1,Autobus,['A 9']
540,408,Königstor,6,strassenbahn,['74']
541,408,Königstor,6,Omnibus,['O 40']
542,408,Königstor,6,Autobus,"['A 57', 'A 9']"
543,409,S-Bhf. Alexanderplatz,4,Omnibus,['O 30']
544,409,S-Bhf. Alexanderplatz,4,Autobus,"['A 57', 'A 9']"
545,410,Marx-Engels-Platz,3,Autobus,"['A 57', 'A 9']"
546,411,Friedrichstrasse Ecke Unter den Linden,2,Autobus,['A 9']
547,412,Bhf. Friedrichstrasse,6,strassenbahn,"['70', '46']"
548,412,Bhf. Friedrichstrasse,6,Autobus,"['A 57', 'A 9', 'A 59']"
549,413,Oranienburger Tor,9,strassenbahn,"['1', '46', '70', '11', '69']"
550,413,Oranienburger Tor,9,Omnibus,['O 40']
551,413,Oranienburger Tor,9,Autobus,"['A 9', 'A 59']"
552,414,Platz vor dem Neuen Tor,2,Autobus,['A 9']
553,415,Scharnhorststrasse Ecke Kieler Strasse,2,Autobus,['A 9']
554,416,Kurische Strasse,2,Autobus,['A 9']
555,417,Arnswalder Platz,1,Autobus,['A 9']
556,418,Königstor,6,strassenbahn,['74']
557,418,Königstor,6,Omnibus,['O 40']
558,418,Königstor,6,Autobus,"['A 57', 'A 9']"
559,419,S-Bhf. Alexanderplatz,4,Omnibus,['O 30']
560,419,S-Bhf. Alexanderplatz,4,Autobus,"['A 57', 'A 9']"
561,420,Marx-Engels-Platz,3,Autobus,"['A 57', 'A 9']"
562,421,Friedrichstrasse Ecke Unter den Linden,2,Autobus,['A 9']
563,422,Bhf. Friedrichstrasse,6,strassenbahn,"['70', '46']"
564,422,Bhf. Friedrichstrasse,6,Autobus,"['A 57', 'A 9', 'A 59']"
565,423,Oranienburger Tor,9,strassenbahn,"['1', '46', '70', '11', '69']"
566,423,Oranienburger Tor,9,Omnibus,['O 40']
567,423,Oranienburger Tor,9,Autobus,"['A 9', 'A 59']"
568,424,Platz vor dem Neuen Tor,2,Autobus,['A 9']
569,425,Scharnhorststrasse Ecke Kieler Strasse,2,Autobus,['A 9']
570,426,"Hessenwinkel, Lindenstrasse",1,Autobus,['A 22']
571,427,Fahlenbergstrasse/Fürstenwalder Allee,1,Autobus,['A 22']
572,428,S-Bhf. Wilhelmshagen,1,Autobus,['A 22']
573,429,Zentralschule,1,Autobus,['A 22']
574,430,Waldschänke,1,Autobus,['A 22']
575,431,S-Bhf. Rahnsdorf,2,Autobus,"['A 22', 'S-Bhf. Rahnsdorf - Woltersdorfer Schleuse']"
576,432,"Fichtenau, Stadtgrenze",1,Autobus,['A 22']
577,433,S-Bhf. Altglienicke,1,Autobus,['A 23']
578,434,Wendenstrasse,1,Autobus,['A 23']
579,435,Normanenstrasse,1,Autobus,['A 23']
580,436,Wolfmarsteig,1,Autobus,['A 23']
581,437,Schönefelder Chaussee,1,Autobus,['A 23']
582,438,"Altglienicke, Kirche",2,strassenbahn,['84']
583,438,"Altglienicke, Kirche",2,Autobus,['A 23']
584,439,"Schönefeld, Flughafen Süd",2,Autobus,['A 24']
585,440,Waßmannsdorfer Weg,2,Autobus,['A 24']
586,441,Waltersdorfer Chaussee,1,Autobus,['A 24']
587,442,Bhf. Schönefeld,3,Autobus,"['A Z', 'A 24']"
588,443,"Schönefeld, Kirche",3,Autobus,"['A Z', 'A 24']"
589,444,"Schönefeld, Flughafen Nord",2,Autobus,['A 24']
590,445,"Schönefeld, Flughafen Süd",2,Autobus,['A 24']
591,446,Waßmannsdorfer Weg,2,Autobus,['A 24']
592,447,Kienbergstrasse,1,Autobus,['A 24']
593,448,Bhf. Schönefeld,3,Autobus,"['A Z', 'A 24']"
594,449,"Schönefeld, Kirche",3,Autobus,"['A Z', 'A 24']"
595,450,"Schönefeld, Flughafen Nord",2,Autobus,['A 24']
596,451,VEB Baustransporte,1,Autobus,['A 26']
597,452,Bhf. Schöneweide,5,strassenbahn,"['69', '92', '95']"
598,452,Bhf. Schöneweide,5,Autobus,"['A 47', 'A 26']"
599,453,Müggelheim,1,Autobus,['A 27']
600,454,Müggelseeperle,1,Autobus,['A 27']
601,455,Krankenhaus Köpenick,2,strassenbahn,['95']
602,455,Krankenhaus Köpenick,2,Autobus,['A 27']
603,456,Bahnhofstrasse Ecke Lindenstrasse,4,strassenbahn,"['84', '87', '86']"
604,456,Bahnhofstrasse Ecke Lindenstrasse,4,Autobus,['A 27']
605,457,S-Bhf. Köpenick,4,strassenbahn,"['82', '86', '83']"
606,457,S-Bhf. Köpenick,4,Autobus,['A 27']
607,458,Wongrowitzer Steig,1,Autobus,['A 27']
608,459,Ulmenstrasse,1,Autobus,['A 27']
609,460,Chemnitzer Strasse/Alt-Kaulsdorf,1,Autobus,['A 27']
610,461,"S-Bhf. Kaulsdorf, Planitzstrasse",1,Autobus,['A 27']
611,462,"Schönefeld, Gartenstrasse",1,Autobus,['A 36']
612,463,S-Bhf. Grünbergallee,2,Autobus,['A 36']
613,464,"Bohnsdorf, Kirche",2,Autobus,['A 36']
614,465,Gartenstadtweg,2,Autobus,['A 36']
615,466,S-Bhf. Grünau,3,strassenbahn,['86']
616,466,S-Bhf. Grünau,3,Autobus,"['A 36', 'A 38']"
617,467,Gartenstadtweg,2,Autobus,['A 36']
618,468,"Bohnsdorf, Kirche",2,Autobus,['A 36']
619,469,S-Bhf. Grünbergallee,2,Autobus,['A 36']
620,470,Schönefeld Gargenstrasse,1,Autobus,['A 36']
621,471,Waltersdorf,1,Autobus,['A 38']
622,472,"Bohnsdorf, Waldstrasse",1,Autobus,['A 38']
623,473,Eichbuschplatz,1,Autobus,['A 38']
624,474,Joachimstrasse,1,Autobus,['A 38']
625,475,S-Bhf. Grünau,3,strassenbahn,['86']
626,475,S-Bhf. Grünau,3,Autobus,"['A 36', 'A 38']"
627,476,"Wartenberg, Siedlung",1,Autobus,['A 39']
628,477,"Wartenberg, Dorfstrasse",1,Autobus,['A 39']
629,478,Falkenberger Chaussee,1,Autobus,['A 39']
630,479,"Kolonie ""Land im Sonne""",1,Autobus,['A 39']
631,480,"Hohenschönhausen, Falkenhagener Strasse",1,Autobus,['A 39']
632,481,"Buch, Kiesgruben",1,Autobus,['A 42']
633,482,Karower Strasse/Alt-Buch,1,Autobus,['A 42']
634,483,Strasse 78,1,Autobus,['A 42']
635,484,"Alt-Karow, Bahnhofstrasse",1,Autobus,['A 42']
636,485,Güteraußenring,1,Autobus,['A 42']
637,486,"Blankenburg, Bahnhofstrasse",1,Autobus,['A 42']
638,487,"Heinersdorf, Kirche",3,strassenbahn,['71']
639,487,"Heinersdorf, Kirche",3,Autobus,['A 42']
640,488,Am Steinberg,4,strassenbahn,['71']
641,488,Am Steinberg,4,Autobus,"['A 45', 'A 42']"
642,489,Prenzlauer Promenade (Spitze),3,strassenbahn,['71']
643,489,Prenzlauer Promenade (Spitze),3,Autobus,['A 42']
644,490,Bürknersfelde,1,Autobus,['A 43']
645,491,"Marzahn, Berliner Chaussee",1,Autobus,['A 43']
646,492,Güterbahnhof Springpfuhl,1,Autobus,['A 43']
647,493,S-Bhf. Friedrichsfelde-Ost,1,Autobus,['A 43']
648,494,Alt-Friedrichsfelde/Am Tierpark,3,Omnibus,['O 37']
649,494,Alt-Friedrichsfelde/Am Tierpark,3,Autobus,"['A 43', 'A 8']"
650,495,U-Bhf. Friedrichsfelde (Tierpark),2,Autobus,"['A 43', 'A 8']"
651,496,"Hönow, Dorfstrasse",1,Autobus,['A 44']
652,497,Greifswalder Strasse,1,Autobus,['A 44']
653,498,Am Rosenhag,2,Autobus,"['A 44', 'A 44 E']"
654,499,S-Bhf. Mahlsdorf,3,strassenbahn,['83']
655,499,S-Bhf. Mahlsdorf,3,Autobus,"['A 44', 'A 44 E']"
656,500,Greifswalder Strasse Ecke Hönower Strasse,1,Autobus,['A 44 E']
657,501,Am Rosenhag,2,Autobus,"['A 44', 'A 44 E']"
658,502,S-Bhf. Mahlsdorf,3,strassenbahn,['83']
659,502,S-Bhf. Mahlsdorf,3,Autobus,"['A 44', 'A 44 E']"
660,503,"Wilhelmsruh, Fontanestrasse",3,Autobus,"['A 55', 'A 58', 'A 45']"
661,504,Hauptstrasse Ecke Edelweißstrasse,2,Autobus,"['A 55', 'A 45']"
662,505,Ehrenmal,3,Autobus,"['A 55', 'A 58', 'A 45']"
663,506,Heinrich-Mann-Platz,3,Autobus,"['A 55', 'A 58', 'A 45']"
664,507,"Pankow, Rathaus",7,strassenbahn,"['22', '46']"
665,507,"Pankow, Rathaus",7,Autobus,"['A 45', 'A 55', 'A 58', 'A 7']"
666,508,"Pankow, Kirche",8,strassenbahn,"['22', '49', '46']"
667,508,"Pankow, Kirche",8,Autobus,"['A 55', 'A 58', 'A 45']"
668,509,S-Bhf. Pankow,8,strassenbahn,"['22', '49', '46']"
669,509,S-Bhf. Pankow,8,Autobus,"['A 55', 'A 58', 'A 45']"
670,510,Prenzlauer Promenade Ecke Kissingenstrasse,1,Autobus,['A 45']
671,511,Am Steinberg,4,strassenbahn,['71']
672,511,Am Steinberg,4,Autobus,"['A 45', 'A 42']"
673,512,Langhansstrasse Ecke Gustav-Adolf-Strasse,2,Autobus,"['A 55', 'A 45']"
674,513,Klement-Gottwald-Allee/Rennbahnstrasse,3,strassenbahn,['72']
675,513,Klement-Gottwald-Allee/Rennbahnstrasse,3,Autobus,"['A 46', 'A 45']"
676,514,"Weißensee, Schwarzwelfenweg",1,Autobus,['A 45']
677,515,"Ahrensfelde, Kirche",1,Autobus,['A 46']
678,516,LPG Falkenberg,1,Autobus,['A 46']
679,517,Strasse nach Wartenberg,1,Autobus,['A 46']
680,518,Malchower Weg,1,Autobus,['A 46']
681,519,Buschallee Ecke Klement-Gottwald-Allee,1,Autobus,['A 46']
682,520,Klement-Gottwald-Allee/Rennbahnstrasse,3,strassenbahn,['72']
683,520,Klement-Gottwald-Allee/Rennbahnstrasse,3,Autobus,"['A 46', 'A 45']"
684,521,Feldtmannstrasse,1,Autobus,['A 46']
685,522,"Malchow, Dorfstrasse",2,Autobus,"['A 46', 'A L']"
686,523,Bhf. Schöneweide,5,strassenbahn,"['69', '92', '95']"
687,523,Bhf. Schöneweide,5,Autobus,"['A 47', 'A 26']"
688,524,Sterndamm,1,Autobus,['A 47']
689,525,Johannisthaler Chaussee,1,Autobus,['A 47']
690,526,Baumschulenstrasse,4,strassenbahn,"['87', '92', '95']"
691,526,Baumschulenstrasse,4,Autobus,['A 47']
692,527,S-Bhf. Baumschulenweg,3,strassenbahn,"['95P', '95']"
693,527,S-Bhf. Baumschulenweg,3,Autobus,['A 47']
694,528,Eichbuschallee,1,Autobus,['A 47']
695,529,"Treptow, Rathaus",1,Autobus,['A 47']
696,530,S-Bhf. Treptower Park,1,Autobus,['A 47']
697,531,"Kaulsdorf, Bausdorfstrasse",2,Autobus,['A 49']
698,532,Ridbacher Strasse,1,Autobus,['A 49']
699,533,Grottkauer Strasse,1,Autobus,['A 49']
700,534,Uckermarkstrasse,1,Autobus,['A 49']
701,535,"Kaulsdorf, Bausdorfstrasse",2,Autobus,['A 49']
702,536,"Wilhelmsruh, Fontanestrasse",3,Autobus,"['A 55', 'A 58', 'A 45']"
703,537,Hauptstrasse Ecke Edelweißstrasse,2,Autobus,"['A 55', 'A 45']"
704,538,Ehrenmal,3,Autobus,"['A 55', 'A 58', 'A 45']"
705,539,Heinrich-Mann-Platz,3,Autobus,"['A 55', 'A 58', 'A 45']"
706,540,"Pankow, Rathaus",7,strassenbahn,"['22', '46']"
707,540,"Pankow, Rathaus",7,Autobus,"['A 45', 'A 55', 'A 58', 'A 7']"
708,541,"Pankow, Kirche",8,strassenbahn,"['22', '49', '46']"
709,541,"Pankow, Kirche",8,Autobus,"['A 55', 'A 58', 'A 45']"
710,542,S-Bhf. Pankow,8,strassenbahn,"['22', '49', '46']"
711,542,S-Bhf. Pankow,8,Autobus,"['A 55', 'A 58', 'A 45']"
712,543,Prenzlauer Promenade Ecke Granitzstrasse,1,Autobus,['A 55']
713,544,Heinersdorf/Kirche,1,Autobus,['A 55']
714,545,Am Steinberg/Thulestrasse,1,Autobus,['A 55']
715,546,Langhansstrasse Ecke Gustav-Adolf-Strasse,2,Autobus,"['A 55', 'A 45']"
716,547,Hamburger Platz,2,Autobus,"['A 56', 'A 55']"
717,548,Gustav-Adolf-Strasse Ecke Rennbahnstrasse,1,Autobus,['A 55']
718,549,Klement-Gottwald-Allee Ecke Rennbahnstrasse,1,Autobus,['A 55']
719,550,Pielsporter Strasse,1,Autobus,['A 55']
720,551,"Weißensee, Nüßlerstrasse",1,Autobus,['A 56']
721,552,Rennbahnstrasse Ecke Gustav-Adolf-Strasse,1,Autobus,['A 56']
722,553,Hamburger Platz,2,Autobus,"['A 56', 'A 55']"
723,554,Prenzlauer Promenade,4,strassenbahn,"['70', '72', '3']"
724,554,Prenzlauer Promenade,4,Autobus,['A 56']
725,555,Wicherstrasse Ecke Prenzlauer Allee,1,Autobus,['A 56']
726,556,Kniprodestrasse/Ermländische Strasse,1,Autobus,['A 57']
727,557,Königstor,6,strassenbahn,['74']
728,557,Königstor,6,Omnibus,['O 40']
729,557,Königstor,6,Autobus,"['A 57', 'A 9']"
730,558,S-Bhf. Alexanderplatz,4,Omnibus,['O 30']
731,558,S-Bhf. Alexanderplatz,4,Autobus,"['A 57', 'A 9']"
732,559,Marx-Engels-Platz,3,Autobus,"['A 57', 'A 9']"
733,560,Friedrichstrasse Ecke Unter den Linden,1,Autobus,['A 57']
734,561,Bhf. Friedrichstrasse,6,strassenbahn,"['70', '46']"
735,561,Bhf. Friedrichstrasse,6,Autobus,"['A 57', 'A 9', 'A 59']"
736,562,Schumannstrasse,1,Autobus,['A 57']
737,563,Robert-Koch-Platz,2,Omnibus,['O 40']
738,563,Robert-Koch-Platz,2,Autobus,['A 57']
739,564,Scharnhorststrasse,1,Autobus,['A 57']
740,565,"Wilhelmsruh, Fontanestrasse",3,Autobus,"['A 55', 'A 58', 'A 45']"
741,566,Hauptstrasse Ecke Hertzstrasse,1,Autobus,['A 58']
742,567,Ehrenmal,3,Autobus,"['A 55', 'A 58', 'A 45']"
743,568,Heinrich-Mann-Platz,3,Autobus,"['A 55', 'A 58', 'A 45']"
744,569,"Pankow, Rathaus",7,strassenbahn,"['22', '46']"
745,569,"Pankow, Rathaus",7,Autobus,"['A 45', 'A 55', 'A 58', 'A 7']"
746,570,"Pankow, Kirche",8,strassenbahn,"['22', '49', '46']"
747,570,"Pankow, Kirche",8,Autobus,"['A 55', 'A 58', 'A 45']"
748,571,S-Bhf. Pankow,8,strassenbahn,"['22', '49', '46']"
749,571,S-Bhf. Pankow,8,Autobus,"['A 55', 'A 58', 'A 45']"
750,572,U-Bhf. Pankow (Vinetastrasse),4,strassenbahn,['49']
751,572,U-Bhf. Pankow (Vinetastrasse),4,Autobus,"['A 58', 'A 7']"
752,573,Walter-Ulbricht-Stadion,3,strassenbahn,"['82', '69']"
753,573,Walter-Ulbricht-Stadion,3,Autobus,['A 59']
754,574,Invalidenstrasse Ecke Chausseestrasse,2,strassenbahn,['82']
755,574,Invalidenstrasse Ecke Chausseestrasse,2,Autobus,['A 59']
756,575,Oranienburger Tor,9,strassenbahn,"['1', '46', '70', '11', '69']"
757,575,Oranienburger Tor,9,Omnibus,['O 40']
758,575,Oranienburger Tor,9,Autobus,"['A 9', 'A 59']"
759,576,Bhf. Friedrichstrasse,6,strassenbahn,"['70', '46']"
760,576,Bhf. Friedrichstrasse,6,Autobus,"['A 57', 'A 9', 'A 59']"
761,577,U-Bhf. Franzsösische Strasse,1,Autobus,['A 59']
762,578,U-Bhf. Stadtmitte,1,Autobus,['A 59']
763,579,Wilhelmstrasse Ecke Friedrichstrasse,1,Autobus,['A 59']
764,580,U-Bhf. Thälmannplatz,1,Autobus,['A 59']
765,581,"Stralau, Kinderheim",1,Autobus,['A 82 P']
766,582,Friedrich-Junge-Strasse,1,Autobus,['A 82 P']
767,583,Markgrafendamm,1,Autobus,['A 82 P']
768,584,Neu-Lindenberg,1,Autobus,['A L']
769,585,Lindenberg,1,Autobus,['A L']
770,586,"Malchow, Dorfstrasse",2,Autobus,"['A 46', 'A L']"
771,587,Groß Ziethen,1,Autobus,['A Z']
772,588,Klein Ziethen,1,Autobus,['A Z']
773,589,Waßmannsdorf,1,Autobus,['A Z']
774,590,"Schönefeld, Kirche",3,Autobus,"['A Z', 'A 24']"
775,591,Bhf. Schönefeld,3,Autobus,"['A Z', 'A 24']"
776,592,S-Bhf. Friedrichshagen,3,strassenbahn,"['84', '87']"
777,592,S-Bhf. Friedrichshagen,3,Autobus,"['S-Bhf. Friedrichshagen - Rüdersdorf, Karl-Marx-Platz']"
778,593,"Schöneiche, Goethepark",1,Autobus,"['S-Bhf. Friedrichshagen - Rüdersdorf, Karl-Marx-Platz']"
779,594,Dorfaue,1,Autobus,"['S-Bhf. Friedrichshagen - Rüdersdorf, Karl-Marx-Platz']"
780,595,"Rüdersdorf, Thälmannplatz",1,Autobus,"['S-Bhf. Friedrichshagen - Rüdersdorf, Karl-Marx-Platz']"
781,596,Post,1,Autobus,"['S-Bhf. Friedrichshagen - Rüdersdorf, Karl-Marx-Platz']"
782,597,"Rüdersdorf, Karl-Marx-Platz",1,Autobus,"['S-Bhf. Friedrichshagen - Rüdersdorf, Karl-Marx-Platz']"
783,598,S-Bhf. Rahnsdorf,2,Autobus,"['A 22', 'S-Bhf. Rahnsdorf - Woltersdorfer Schleuse']"
784,599,Goethestrasse,1,Autobus,['S-Bhf. Rahnsdorf - Woltersdorfer Schleuse']
785,600,Eichendamm,1,Autobus,['S-Bhf. Rahnsdorf - Woltersdorfer Schleuse']
786,601,Lerchenstrasse,1,Autobus,['S-Bhf. Rahnsdorf - Woltersdorfer Schleuse']
787,602,Fasandenstrasse,1,Autobus,['S-Bhf. Rahnsdorf - Woltersdorfer Schleuse']
788,603,Thälmannplatz,2,u-bahn,['A']
789,603,Thälmannplatz,2,Autobus,['S-Bhf. Rahnsdorf - Woltersdorfer Schleuse']
790,604,Blumenstrasse,1,Autobus,['S-Bhf. Rahnsdorf - Woltersdorfer Schleuse']
791,605,Woltersdorfer Schleuse,1,Autobus,['S-Bhf. Rahnsdorf - Woltersdorfer Schleuse']
792,606,Alt-Schmöckwitz,3,strassenbahn,['86']
793,606,Alt-Schmöckwitz,3,Autobus,"['Schmöckwitz - Ziegenhals', 'Schmöckwitz - Eichwalde']"
794,607,"Eichwalde, Uhlandstrasse",1,Autobus,['Schmöckwitz - Eichwalde']
795,608,Bhf. Eichwalde,1,Autobus,['Schmöckwitz - Eichwalde']
796,609,Alt-Schmöckwitz,3,strassenbahn,['86']
797,609,Alt-Schmöckwitz,3,Autobus,"['Schmöckwitz - Ziegenhals', 'Schmöckwitz - Eichwalde']"
798,610,Konsum Wernsdorf,1,Autobus,['Schmöckwitz - Ziegenhals']
799,611,Konsum Ziegenhals,1,Autobus,['Schmöckwitz - Ziegenhals']
800,612,"Ziegenhals, VA-Dienststelle",1,Autobus,['Schmöckwitz - Ziegenhals']
