,stop_name,type,in_lines,location,identifier,previous_in_lines
0,"Ahrensfelde, Kirche",Autobus,['A 46'],"52.57532251281871, 13.576456279814597",nan,['41']+ 41
1,Alexanderplatz,u-bahn,"['E', 'A']","52.5214,13.4119",Q17173458,"['E', 'A', 'D']+ ['A I', 'D', 'E']+ ['D', 'E', 'A I']+ A I,D,A II,E+ A,E+ A,E+ ['A', 'E']+ ['E', 'A']+ ['A', 'E']+ ['E', 'A']+ E,A+ A,E+ A,E"
2,"Alexanderplatz, Grunerstrasse",Omnibus,['1'],,,
3,"Alexanderplatz, Grunerstrasse",strassenbahn,['71'],"52.52008326268696, 13.41408418961877",nan,"['73', '71', '72', '74']+ ['74', '22', '71', '72']+ 74,72,71,82,74E+ 71+ 71"
4,"Alexanderplatz, Leninallee",strassenbahn,"['69', '64']","52.522103158947594, 13.416511130432587",nan,64+ 64
5,"Alexanderplatz, Memhardstrasse",strassenbahn,"['22', '1', '11']","52.5233439,13.4110773","Q65227406+Q65227406, Q65227406","['1']+ ['63', '69', '11']+ 69,11,63,22+ 1, 63,11,72,74E,22,74+ 1+ 11,72,74E,82,22,74,63,69+ ['69']+ ['69']"
6,"Alexanderplatz, Memhardstrasse",strassenbahn,"['82', '74', '63', '71', '72']","52.5233439,13.4110773","Q65227406+Q65227406, Q65227406","['1']+ ['63', '69', '11']+ 69,11,63,22+ 1, 63,11,72,74E,22,74+ 1+ 11,72,74E,82,22,74,63,69+ ['69']+ ['69']"
7,"Alt-Biesdorf, Oberfelderstrasse",Autobus,['A 8'],,,
8,"Alt-Biesdorf, Oberfelderstrasse",Omnibus,['O 37'],,,
9,Alt-Friedrichsfelde/Am Tierpark,Autobus,"['A 43', 'A 8']",,,
10,Alt-Friedrichsfelde/Am Tierpark,Omnibus,['O 37'],,,
11,Alt-Friedrichsfele/Am Tierpark,strassenbahn,['69'],,,
12,"Alt-Karow, Bahnhofstrasse",Autobus,['A 42'],,,
13,"Alt-Marzahn, Kirche",Omnibus,['O 37'],,,
14,Alt-Schmöckwitz,Autobus,"['Schmöckwitz - Ziegenhals', 'Schmöckwitz - Eichwalde']","52.37536708814027, 13.649399886968025",nan,"Schmöckwitz<>Ziegenhals (VEB Kraftverkehr Schöneiche-Rüdersdorf),Schmöckwitz<>Eichwalde (VEB Kraftverkehr Schöneiche-Rüdersdorf)"
15,Alt-Schmöckwitz,strassenbahn,['86'],"52.3752767,13.649549",Q66459540,"['86']+ ['86']+ 86+ 86+ 86+ ['86']+ ['86']+ ['86']+ ['86']+ 86+ 124,86"
16,"Altglienicke, Am Falkenberg",strassenbahn,['84'],"52.41079970042163, 13.570452931545786",nan,['84']+ 84+ 84
17,"Altglienicke, Kirche",Autobus,['A 23'],"52.421845729296805, 13.539407702079252",nan,['A23']+ A23+ A23+ A23+ ['A23']+ ['23']+ ['23']+ ['23']+ 23+ 23+ 23
18,"Altglienicke, Kirche",strassenbahn,['84'],"52.421845729296805, 13.539407702079252",nan,"84+ ['84']+ ['84']+ ['84']+ ['84']+ 84+ 84+ 84,114"
19,Am Kupfergraben,strassenbahn,"['70', '46', '11']","52.5194208,13.3953839",Q65055027,"['1', '46']+ 1+ 46,70,1+ 46,70,11+ ['71', '46', '70']+ ['22', '46', '71', '70']+ ['71', '70', '22', '46']+ ['70', '71', '46', '22']+ 22,70,71,46+ 22,70,71,46+ 121,22,71,70,46"
20,Am Rosenhag,Autobus,"['A 44', 'A 44 E']","52.52474356253909, 13.621775828105108",nan,"['A44E', 'A44']+ A44E,A44+ A44,A44E+ A44,A44E+ ['A44', 'A44E']+ ['44E']+ ['44E', '44']+ ['44', '95']+ 95,44+ 99,95,44+ 99,95,44"
21,Am Steinberg,Autobus,"['A 45', 'A 42']","52.55648144940878, 13.429306764151775",nan,"A45,A42+ A55,A42,A45+ A45,A55,A42+ ['A42', 'A45']+ ['45']+ ['31', '45']+ ['45', '42', '31']+ 31,45,42+ 31,45,42+ 31,45,42"
22,Am Steinberg,strassenbahn,['71'],"52.5585796,13.4333751",Q65103320,"71+ 71+ 71+ ['71']+ ['71']+ 71+ 71+ 113,71"
23,Am Steinberg/Thulestrasse,Autobus,['A 55'],,,
24,Andreasstrasse,Omnibus,['O 30'],,,
25,Antonplatz,strassenbahn,"['70', '72', '74', '3']","52.5484803,13.4517416",Q65548849,"['73', '74', '70', '72']+ ['70', '74', '3', '72']+ 74,72,70,3,74E+ 3,70,72,74E,74+ 72,74E,3,74,70+ ['72', '70', '73', '74', '3']+ ['74', '70', '73', '72', '3', '75']+ ['3', '73', '75', '70', '74']+ ['24', '20', '28', '72', '3', '70']+ 20,3,70,24,72+ 20,3,28,70,24,72+ 3,20,113,28,103,70,24,72"
26,Arnswalder Platz,Autobus,['A 9'],,,
27,Bahnhof Lichtenberg (Zentralfriedhof),u-bahn,['E'],"52.510556,13.496389",Q3831986,['E']+ E+ E+ E
28,Bahnhofstrasse,strassenbahn,['49'],"52.38666976464739, 13.407955106521282+52.40244986860125, 13.512704137216817+52.4505094,13.572684+52.45104333079753, 13.57204270179361+52.59614952903345, 13.432832916180004",Q66095701+nan,"['99']+ ['83']+ 47+ 47+ ['26', '25', '85']+ 82+ 85+ 120"
29,Bahnhofstrasse Ecke Lindenstrasse,Autobus,['A 27'],"52.45096281111, 13.572146868709519",nan,['A27']+ ['A27']+ A27+ A27+ A27+ ['A27']+ ['27']
30,Bahnhofstrasse Ecke Lindenstrasse,strassenbahn,"['84', '87', '86']","52.4505094,13.572684","Q66095701+Q66095701, Q66095701","['83']+ ['87']+ 87,82+ 82,87, 83,95,84,86+ 84,87+ ['84', '87']+ ['87', '84']"
31,Bahnhofstrasse/Lindenstrasse,strassenbahn,['83'],"52.4505094,13.572684",Q66095701,"84,114,83E,83,85,124,86"
32,Baumschulenstrasse,Autobus,['A 47'],"52.460823690124585, 13.503654622533428",nan,"['65']+ ['65', '66']+ 66+ 65,66+ 65,66"
33,Baumschulenstrasse,strassenbahn,"['87', '92', '95']","52.460884119473235, 13.481278679734508+52.469081846595664, 13.491329912138305",nan,"['95']+ ['91']+ ['92', '91']+ 92+ 95,92+ 92,95"
34,Bersarinplatz,strassenbahn,"['13', '4']","52.519215,13.4525257",Q65706258,"['14']+ ['13', '4']+ 13,4+ 13,4+ 4,13+ ['13', '4']+ ['4', '13']+ 4+ 4+ 4"
35,Bersarinstrasse Ecke Leninallee,strassenbahn,['63'],,,
36,Bertystrasse Ecke Leninallee,Omnibus,['O 30'],,,
37,Bf. Siegfriedstrasse,Omnibus,"['O 30', 'O 37']",,,
38,Bf. Siegfriedstrasse,strassenbahn,['69'],,,
39,Bhf. Eichwalde,Autobus,['Schmöckwitz - Eichwalde'],"52.371950560017005, 13.614447144096058",nan,Schmöckwitz<>Eichwalde (VEB Kraftverkehr Schöneiche-Rüdersdorf)
40,Bhf. Friedrichstrasse,Autobus,"['A 57', 'A 9', 'A 59']","52.5205606637086, 13.388231915342985",nan,"['A9']+ A57,A9+ A57,A9+ A57,A9,A59+ ['A18', 'A57', 'A59']+ ['59', '57', '18']+ ['78', '57']+ ['78', '57']+ 57,78,59+ 57/E,78,59+ 57,78,59"
41,Bhf. Friedrichstrasse,strassenbahn,['11'],"52.5192805,13.3884107","Q65095382+Q65095382, Q65095382","46,70,1+ 11, 46,70+ ['71', '46', '70']+ ['22', '46', '70']+ ['70', '22', '46']+ ['70', '46', '22']+ 22,70,46+ 22,70,46+ 121,22,71,70,46"
42,Bhf. Friedrichstrasse,strassenbahn,"['70', '46']","52.5192805,13.3884107","Q65095382+Q65095382, Q65095382","46,70,1+ 11, 46,70+ ['71', '46', '70']+ ['22', '46', '70']+ ['70', '22', '46']+ ['70', '46', '22']+ 22,70,46+ 22,70,46+ 121,22,71,70,46"
43,Bhf. Lichtenberg,Omnibus,"['O 30', 'O 37']",,,
44,Bhf. Lichtenberg,strassenbahn,['69'],"52.5123603,13.4977547",Q66013733,"['69']+ ['69']+ 69,69E+ 69+ 69,69E+ ['69', '69E']+ ['69']+ ['15', '20']+ 15,20+ 20+ 5,110,20,102"
45,Bhf. Schönefeld,Autobus,"['A Z', 'A 24']","52.38192403313463, 13.511545079208773",nan,"AZ+ ['A36']+ ['36']+ ['36', '36E']+ ['36']+ 36"
46,Bhf. Schöneweide,Autobus,"['A 47', 'A 26']","52.45374952013775, 13.510200397684477",nan,"['A47']+ A47+ A47,Flughafen Schönefeld <> Strausberger Platz,A26+ A26,A47,A48+ ['A48', 'A47', 'A26']+ ['26', '65', '47', '48']+ ['47', '66', '67', '65']+ ['47', '62', '65', '66', '67']+ 47,67,66,65,62+ 47,67,66,65,62+ 47,67,66,65,62"
47,Bhf. Schöneweide,strassenbahn,"['69', '92', '95']","52.4553413,13.5110449+52.45610685453812, 13.510345679557007+52.45640818289644, 13.509916574756422",Q65950245+nan,"['95']+ ['92']+ ['69']+ 69,69E,92,87+ 95,69,92+ 85,69E,92,87,69,95+ ['87', '95', '92', '69', '69E', '85']+ ['85', '69', '95', '87', '21']+ ['17', '25', '85', '26']+ ['85', '26', '25', '17']+ 17,25,26+ 17,25,85,26+ 25,114,26,85,88+ 17"
48,"Bhf. Schöneweide, Brückenstrasse",strassenbahn,['87'],"52.45648404130997, 13.509984392000785",nan,87
49,Björnsonstrasse Ecke Ibsenstrasse,strassenbahn,['3'],,,
50,"Blankenburg, Bahnhofstrasse",Autobus,['A 42'],"52.591380472079955, 13.453512267562314",nan,['A42']+ A42+ A42+ A42+ ['A42']
51,Blankenburger Strasse,strassenbahn,['49'],"52.58856735400595, 13.430204947038318",nan,49+ 49+ 49
52,"Blankenfelde, Hauptstrasse",Autobus,['A 7'],"52.63002534735451, 13.38262328371393",nan,"['A7']+ ['A7']+ A7+ A7+ A7,A7E+ ['A7', 'A7E']+ ['7']"
53,Blumenstrasse,Autobus,['S-Bhf. Rahnsdorf - Woltersdorfer Schleuse'],"52.44932599725309, 13.759715132008731",nan,S-Bhf. Rahnsdorf <> Woltersdorfer Schleuse (VEB Woltersdorf)
54,"Bohnsdorf, Kirche",Autobus,['A 36'],"52.39948771402893, 13.555574431978044",nan,['A36']+ ['A36']+ AD/36+ AD/36+ A36+ ['A36']+ ['36']+ ['36']+ ['36']+ 36+ 36+ 36
55,"Bohnsdorf, Waldstrasse",Autobus,['A 38'],"52.389397192754984, 13.570666562153916",nan,"['A38']+ A38+ A38+ AD,A38+ ['AD/38']+ ['D/38']+ ['38']+ ['38']+ 38+ 38+ 38"
56,Bornholmer Strasse Ecke Schönhauser Alle,strassenbahn,['22'],,,
57,Bornholmer Strasse Ecke Schönhauser Allee,strassenbahn,['46'],"52.5537705,13.4138898",Q65076842,['8']+ 49
58,Bornholmer Strasse Ecke Schönhauser Allee,strassenbahn,['49'],"52.5537705,13.4138898",Q65076842,['8']+ 49
59,Boxhagenerstrasse Ecke Holteistrasse,Omnibus,['O 30'],,,
60,Boxhagenerstrasse Ecke Holteistrasse,strassenbahn,['13'],"52.5088235,13.465969","Q65675805, Q65675805","3, 13"
61,Breslauerstrasse Ecke Andreasstrasse,strassenbahn,['1'],,,
62,Brunnenstrasse Ecke Invalidenstrasse,strassenbahn,"['1', '11']","52.5324542,13.3974236",Q65691740,11+ 11+ 18
63,Brunnenstrasse Ecke Invalidenstrasse,strassenbahn,"['82', '70', '46']","52.5324542,13.3974236",Q65691740,11+ 11+ 18
64,"Buch, Kiesgruben",Autobus,['A 42'],"52.641758052786535, 13.515964627443202",nan,A42+ A42+ ['A42']
65,"Bucholz, Elfenallee",strassenbahn,['49'],,,
66,"Bucholz, Hauptstrasse",strassenbahn,['49'],"52.60726996020294, 13.433394005316927",nan,['49']+ ['49']+ 49+ 49+ 49
67,Buschallee Ecke Berlinerstrasse,strassenbahn,['72'],,,
68,Buschallee Ecke Klement-Gottwald-Allee,Autobus,['A 46'],"52.55387173520125, 13.467543412166556",nan,['A46']+ ['L/41']
69,Buschallee/K.-Gottwald-Allee,strassenbahn,['70'],,,
70,"Bölschestrasse, Brauerei",strassenbahn,"['84', '87']","52.44699265840037, 13.624251999339991",nan,"87+ 84,87+ ['84', '87']+ ['84']"
71,Bürgerwäldchen,strassenbahn,['83'],"52.48924332057368, 13.606368760127548+52.4893741,13.6064139",Q66364551+nan,83+ 83+ ['83']+ ['83']+ ['83']+ ['83']+ 83+ 83+ 83
72,Bürknersfelde,Autobus,['A 43'],"52.538889807153126, 13.534159376784622+52.54261786154293, 13.54906017268816+52.549540493749184, 13.586689708671303",nan,"['O41', 'O37', 'A43']+ O41,A43,O37+ A43,O37+ A43+ ['A43', 'O37']+ ['37']+ ['54', '43']"
73,Bürnersfelde,Omnibus,['O 37'],,,
74,Charlottenstrasse,strassenbahn,['72'],"52.51050786460274, 13.391831492474326",nan,72
75,Chemische Fabrik,strassenbahn,['86'],"52.42696432509712, 13.573540465650169",nan,['86']+ 86+ 86+ 86+ ['86']+ ['86']
76,Chemnitzer Strasse/Alt-Kaulsdorf,Autobus,['A 27'],,,
77,Chemnitzerstrasse Ecke Ulmenstrasse,Autobus,['A 8'],"52.487292887135375, 13.574950596463296",nan,['A27']
78,Degnerstrasse,strassenbahn,['63'],"52.54488036635163, 13.493949954029993",nan,"64,63+ 64,63+ 63,64+ ['63', '64']+ ['14']"
79,Degnerstrasse Ecke Berlinerstrasse,strassenbahn,['64'],,,
80,Dimitroffstrasse,u-bahn,['A'],"52.541666666667,13.412222222222",Q571382,"['A I']+ ['A I']+ A I,A II+ A+ A+ ['A']+ ['A']+ ['A']+ ['A']+ A+ A+ A"
81,Dimitroffstrasse Ecke Bötzowstrasse,Autobus,['A 9'],,,
82,Dimitroffstrasse Ecke Greifswalderstrasse,strassenbahn,['74'],"52.53616928671014, 13.433023161244224",nan,['74']
83,Dimitroffstrasse Ecke Leninallee,strassenbahn,['64'],"52.5259343,13.4462368",Q65553230,"18E,18"
84,Dimitroffstrasse Ecke Leninallee,strassenbahn,"['69', '63']","52.5259343,13.4462368",Q65553230,"18E,18"
85,Dimitroffstrasse Ecke Prenzlauer Allee,strassenbahn,"['72', '71']","52.539226902813354, 13.424209201692193",nan,"['72']+ ['71', '72']"
86,Dimitroffstrasse/Leninallee,Omnibus,['O 37'],,,
87,Dingelstädter Strasse,Omnibus,['O 37'],,,
88,Dorfaue,Autobus,"['S-Bhf. Friedrichshagen - Rüdersdorf, Karl-Marx-Platz']","52.47886105131975, 13.70053232372426",nan,"S-Bhf. Friedrichshagen <> Rüdersdorf, Karl-Marx-Platz (VEB Schöneiche-Rüdersdorf)"
89,Dönhoffplatz,strassenbahn,['64'],"52.509950568117645, 13.398144081918815",nan,"['87', '74']+ ['46', '73', '74']+ 64+ 64+ ['74', '64']"
90,Eberswalderstrasse Ecke Oderberger Strasse,strassenbahn,"['13', '4']","52.54061076763243, 13.404559930731686",",+nan","4, 13+ 4+ ['4']+ ['4']"
91,Edisonstrasse Ecke An der Wuhlheide,strassenbahn,"['82', '95']",,,
92,Ehrenmal,Autobus,"['A 55', 'A 58', 'A 45']","52.57958419912971, 13.375974716701414",nan,"A45,A55+ A55,A45+ A45,A55,A58+ ['A58']"
93,Ehrlichstrasse Ecke Treskowallee,strassenbahn,['82'],,,
94,Eichbuschallee,Autobus,['A 47'],"52.47574296676633, 13.487312571777435+52.47576427500861, 13.487330966100926",nan,A47+ A47+ A47+ 47+ 47
95,Eichbuschplatz,Autobus,['A 38'],"52.39366126137233, 13.582046308470128",nan,A38+ A38+ A38+ ['38']+ ['38']+ 38+ 38+ 38
96,Eichendamm,Autobus,['S-Bhf. Rahnsdorf - Woltersdorfer Schleuse'],"52.45563928691219, 13.730601143973864",nan,S-Bhf. Rahnsdorf <> Woltersdorfer Schleuse (VEB Woltersdorf)
97,"Eichwalde, Uhlandstrasse",Autobus,['Schmöckwitz - Eichwalde'],"52.372634587228696, 13.62680242919348",nan,Schmöckwitz<>Eichwalde (VEB Kraftverkehr Schöneiche-Rüdersdorf)
98,Elisabethstrasse,Omnibus,['O 37'],,,
99,Elsenstrasse/S-Bhf. Treptower Park,strassenbahn,"['87', '92']",,,
100,Elsässer Strasse,Autobus,['A 7'],"52.63337294510061, 13.345103420124245",nan,A7+ A7+ ['A7']+ ['7']
101,Fahlenbergstrasse/Fürstenwalder Allee,Autobus,['A 22'],,,
102,Falkenberger Chaussee,Autobus,['A 39'],"52.565814225343445, 13.511924619006814+52.565816857333125, 13.511913714753+52.5706254674252, 13.534226375399161",nan,['A39']+ ['A39']+ A39+ A39+ A39+ ['39']+ ['39']+ 39+ 39+ 39
103,Falkenbergerstrasse Ecke Wartenberger Strasse,strassenbahn,['63'],"52.55036672097044, 13.509915032138812",nan,['63']+ 63+ 63+ 63+ ['63']+ ['63']
104,Fasandenstrasse,Autobus,['S-Bhf. Rahnsdorf - Woltersdorfer Schleuse'],,,
105,Feldtmannstrasse,Autobus,['A 46'],"52.56401588379611, 13.46980857664685",nan,A46+ A46+ A46+ ['A46']+ ['L/41']+ ['41']+ 41+ 41+ 41
106,"Fichtenau, Stadtgrenze",Autobus,['A 22'],"52.45479242349705, 13.701499962608066",nan,['A22']+ A22+ A22+ A22
107,Fichtestrasse Ecke Schopenhauerstrasse,Autobus,['A 8'],"52.47979924975105, 13.617292306977053",nan,A8+ A8+ A8+ ['A8']
108,Frankfurter Tor,strassenbahn,"['13', '4']","52.511228472896995, 13.500207327717217+52.5153903,13.4540172",Q65706246+nan,"['14']+ 4,13+ ['13', '4']+ ['4', '13']+ ['4', '21', '13']+ ['13', '21', '4']+ 21,4,13+ 4"
109,Frankfurter Tor,u-bahn,['E'],"52.515833333333,13.454166666667",Q568627,E+ E+ ['E']+ ['E']+ ['E']+ ['E']+ E+ E+ E
110,Frankfurter Tor -Bersarinplatz,strassenbahn,['13'],,,
111,Freibad Grünau,strassenbahn,['86'],"52.4086224,13.604455",Q66489598,['86']+ 86+ 86+ ['86']
112,Friedrich-Junge-Strasse,Autobus,['A 82 P'],"52.49382897072681, 13.471572865851856",nan,['A82P']+ A82P+ A82P+ 82P+ ['82P']+ ['34']+ ['34']+ 34+ 34
113,Friedrichsfelde (Tierpark),u-bahn,['E'],"52.506111111111,13.512777777778",Q429781,['E']+ E+ E+ E
114,"Friedrichshagen, Wasserwerk",strassenbahn,['84'],"52.4560563,13.6419956",Q66362601,['84']+ 84+ 84+ 84+ ['84']+ ['84']
115,Friedrichstrasse Ecke Unter den Linden,Autobus,['A 57'],"52.51718498081941, 13.388821428784585",nan,"A57,A9+ ['A9']"
116,Friedrichstrasse Ecke Unter den Linden,Autobus,['A 9'],"52.51718498081941, 13.388821428784585",nan,"A57,A9+ ['A9']"
117,Galenusstrasse/ Krankenhaus Pankow,strassenbahn,['49'],,,
118,Gartenstadtweg,Autobus,['A 36'],"52.412313913821045, 13.56660267841369",nan,AD/36+ AD/36+ A36+ ['A36']+ ['36']+ ['36']+ ['36']+ 36+ 36+ 36
119,Genslerstrasse/Siegfriedstrasse,Omnibus,['O 37'],,,
120,"Glienicke, Kirche",Autobus,['A 7'],"52.63062737184449, 13.312861916755343",nan,"['A7']+ A7,AN+ A7+ A7+ ['A7']+ ['7']+ ['7']+ ['7']+ 7"
121,Goethestrasse,Autobus,['S-Bhf. Rahnsdorf - Woltersdorfer Schleuse'],"52.40437395250698, 13.406194791584095+52.40437824622623, 13.406031370798006+52.40440968593904, 13.406189016984326+52.455522709275314, 13.725374316281378+52.50889249064269, 13.314314169578253",nan,"S-Bhf. Rahnsdorf <> Woltersdorfer Schleuse (VEB Woltersdorf)+ ['A76']+ ['76E', '76']+ ['76E']+ 76E,76+ 78,76+ 78,76+ 1"
122,Greifswalder Strasse,Autobus,['A 44'],"52.53002871375482, 13.62681794411932+52.530034573162204, 13.626829299933483+52.54129394662311, 13.438891154043352+52.54130253684684, 13.438917276806427",nan,"['A44E']+ A44E,A44+ A44,A44E+ A44,A44E+ ['A44']+ ['44']+ ['56']+ ['44']+ ['56']+ 95,44+ 56+ 99,95,44+ 56E,56+ 99,95,44+ 56"
123,Greifswalder Strasse,strassenbahn,['4'],"52.5364975,13.4334045",Q65548960,"['60']+ ['13', '4']+ 13,4+ 13,4+ 4,13+ ['13', '4']+ ['4', '13']+ ['4', '13']+ 21,4,13+ 21,4,13+ 4,13,102"
124,Greifswalder Strasse Ecke Dimitroffstrasse,strassenbahn,['13'],"52.5364975,13.4334045",Q65548960,21
125,Greifswalder Strasse Ecke Hönower Strasse,Autobus,['A 44 E'],,,
126,Greifswalderstrasse Ecke Dimitroffstrasse,Omnibus,['O 30'],,,
127,Grottkauer Strasse,Autobus,['A 49'],"52.52747689361331, 13.606500303391726+52.52796238368814, 13.600805280630896",nan,A49+ A49+ A49+ ['A49']+ ['49']+ 60+ 60+ 60
128,Groß Ziethen,Autobus,['A Z'],"52.41404104155547, 13.438879163306126",nan,AZ+ AZ+ AZ
129,Große Präsidentenstrasse,strassenbahn,"['63', '49']","52.52326345734971, 13.401134586268517",nan,"['49']+ ['49', '63']"
130,Grünberger Strasse,strassenbahn,['4'],"52.5122359,13.452609",Q65706239,['4']+ 4+ 4+ 4+ ['4']+ ['4']+ ['4']+ 4+ 4+ 4
131,Gustav-Adolf-Strasse Ecke Rennbahnstrasse,Autobus,['A 55'],"52.562178269666816, 13.454275093038184",nan,['A42']+ ['A42']+ A55+ A55
132,Güteraußenring,Autobus,['A 42'],"52.599887239389226, 13.469297130431492",nan,A42+ A42+ ['A42']
133,Güterbahnhof Springpfuhl,Autobus,['A 43'],"52.52561231977731, 13.533687321893124",nan,['A43']+ A43+ A43
134,Hackescher Markt,strassenbahn,"['69', '63', '49']","52.522700593509725, 13.401605863643521+52.522700593509725, 13.4016058636435214+52.5238354,13.402603+52.52386243784762, 13.402614038025424","Q65094590+Q65094590, Q65094590+nan","['1']+ ['69', '49', '65']+ ['49', '69']+ ['63']+ 69+ 69+ ['63', '72', '73', '49', '69', '71']+ ['71', '63', '69', '73', '72', '49', '75']+ ['73', '75', '49', '15', '63', '72']+ ['15', '24', '71', '63', '72', '49']+ 71,49,63,24,72+ 28,71,49,63,24,72+ {'63', '63E'}, {'71', '70', '24', '49', '108', '28'}"
135,Hamburger Platz,Autobus,"['A 56', 'A 55']","52.555394187589414, 13.438973139463632","nan+nan, nan","A56,A45+ A56,A55,A45+ A45,A56,A55+ ['A45', 'A56']+ ['45', '56']+ ['45', '56']+ ['45', '56']+ 45,56+ 56E,56,45+ {'109'}, {'56', '45'}"
136,Hannoversche Strasse,strassenbahn,['1'],"52.52716496126181, 13.387046759579254",nan,['11']+ 11+ 1
137,"Hauptstr,/Berliner Strasse",strassenbahn,['63'],,,
138,Hauptstrasse Ecke Edelweißstrasse,Autobus,"['A 55', 'A 45']","52.586379262142074, 13.36752938856218",nan,"['A45']+ ['A55', 'A45']+ A55,A45+ A45,A55+ ['A45']+ ['45']"
139,Hauptstrasse Ecke Hertzstrasse,Autobus,['A 58'],,,
140,Hauptstrasse/Berliner Strasse,strassenbahn,['64'],,,
141,Hauptstrasse/Suermondstrasse,strassenbahn,['70'],,,
142,"Heinersdorf, Kirche",Autobus,['A 42'],"52.568251990817764, 13.440484539756532+52.56826376476754, 13.440601903603064",nan,"['A42']+ ['A55', 'A42']+ A55,A42+ A42+ A42,A55+ ['A42']+ ['55']+ ['31', '55']+ ['42', '31', '55']+ 55,42+ 55,42+ 55,42"
143,"Heinersdorf, Kirche",strassenbahn,['71'],"52.5686908,13.4389053",Q65096107,['71']+ 71+ 71+ 71+ ['71']+ ['71']+ ['71']+ ['71']+ 71+ 71+ 71
144,"Heinersdorf, Romain-Rolland-Strasse",strassenbahn,['71'],"52.5725511,13.4371063",Q65096052,['71']+ 71+ 71+ 71+ ['71']+ 71
145,Heinersdorf/Kirche,Autobus,['A 55'],,,
146,Heinrich-Heine-Strasse,strassenbahn,['64'],"52.51099529411967, 13.416420239383946",nan,"64,11+ 11"
147,Heinrich-Heine-Strasse Ecke Schmidtstrasse,strassenbahn,['11'],,,
148,Heinrich-Mann-Platz,Autobus,"['A 55', 'A 58', 'A 45']","52.57297246262195, 13.392146133350426",nan,"['A45']+ A45+ A55,A45+ A45,A55,A58+ ['A58', 'A45']+ ['45', '58']+ ['45']+ ['45']+ 45+ 45+ 45"
149,"Hessenwinkel, Lindenstrasse",Autobus,['A 22'],"52.42653518647879, 13.728458969026482",nan,['A22']+ A22+ A22+ A22
150,Hirschgarten,strassenbahn,"['84', '87']","52.4518533,13.6006245",Q66360740,"['84', '87']+ 87,84+ 84,87+ 84,87+ ['84', '87']+ ['87', '84']+ ['25', '84']+ ['84', '25']+ 84,25+ 84,25+ 124,84,25"
151,Hirtestrasse,strassenbahn,['86'],"52.4590446,13.5838302+52.46228517510202, 13.582989445330378",Q66459446+nan,"86+ 86+ ['86']+ ['86']+ ['86']+ 86+ 83E,86"
152,Hochschule für Ökonomie,strassenbahn,['69'],"52.4927681,13.5266059",Q65952866+nan,"69+ 69,69E+ ['69', '69E']+ ['69']+ ['17', '19']+ ['19', '17']"
153,Hohenschönhaser Strasse,strassenbahn,['3'],,,
154,"Hohenschönhausen, Falkenberger Strasse",strassenbahn,"['70', '64']","52.5508672,13.5094994",Q65555882,"['64']+ ['70', '64']+ 64,70+ 70,64+ ['70', '64']+ ['70']"
155,"Hohenschönhausen, Falkenhagener Strasse",Autobus,['A 39'],,,
156,"Hohenschönhausen, Gartenstadt",strassenbahn,['63'],"52.5508672,13.5094994",Q65555882,['63']+ 63+ 63+ ['63']+ ['63']+ ['63']+ 63
157,Holteistrasse Ecke Boshagener Strasse,strassenbahn,['3'],,,
158,Hultschiner Damm,Autobus,['A 8'],"52.47711373957008, 13.600598140620137",nan,['A8']+ A8+ A8+ ['A8']+ ['8']+ ['8']+ ['8']+ 8+ 8+ 8
159,Humannplatz,strassenbahn,['70'],"52.5493627,13.4213646",Q65962652,70+ 70+ 70+ ['70']+ ['70']+ ['70']+ ['70']+ 70+ 70
160,"Hönow, Dorfstrasse",Autobus,['A 44'],"52.54884927869554, 13.63648687804691",nan,['A44']+ A44+ A44+ A44+ ['A44']+ ['44']
161,Invalidenstrasse Ecke Chausseestrasse,Autobus,['A 59'],"52.530584371359055, 13.383078391497033",nan,['A9']
162,Invalidenstrasse Ecke Chausseestrasse,strassenbahn,['82'],"52.5304158,13.3827302",Q65552697,"['1', '70']+ ['1', '46', '11', '70']+ 69,70+ 1+ 1+ ['63', '73']"
163,Joachimstrasse,Autobus,['A 38'],"52.40316589631168, 13.57664158970399",nan,A38+ A38+ A38+ ['AD/38']+ ['38']+ 38+ 38+ 38
164,"Johannisthal, Haeckelstrasse",strassenbahn,['69'],"52.4402944,13.5052638+52.44039533652145, 13.505590429052203",Q66225573+nan,"['69', '91']+ 69,69E+ 69+ 85,69,69E+ ['69', '69E', '85']+ ['85', '69']+ ['85', '17']+ 85+ 17,85"
165,Johannisthaler Chaussee,Autobus,['A 47'],"52.45136033294721, 13.488299619950027","nan+nan, nan","A47+ A47+ A47+ ['A47']+ ['47']+ ['47']+ ['47']+ 47+ 47+ {'41'}, {'47'}"
166,Jüdenstrasse,strassenbahn,['71'],,,
167,Kali-Chemie,strassenbahn,"['87', '92', '95']","52.46329854840191, 13.499789773217568",",+nan+nan, nan","95, 92+ 95, 92,87+ ['21']"
168,Karl-Marx-Allee,Omnibus,['O 40'],,,
169,Karlshorster Strasse,strassenbahn,['13'],"52.502334098187674, 13.475466875195085",nan,13+ 13+ 13+ ['82']+ 82
170,Karolinenhof Mitte,strassenbahn,['86'],"52.39176095915858, 13.634654256792825",nan,86+ 86+ ['86']+ ['86']
171,Karower Strasse/Alt-Buch,Autobus,['A 42'],,,
172,"Kaulsdorf, Bausdorfstrasse",Autobus,['A 49'],"52.51256368150751, 13.601906818686038",nan,['A49']+ A49+ A49+ A49
173,Kienbergstrasse,Autobus,['A 24'],,,
174,Kiniprodestrasse Ecke Dimitroffstrasse,strassenbahn,['13'],,,
175,Klein Ziethen,Autobus,['A Z'],"52.379580499215606, 13.44656986522325",nan,AZ+ AZ+ AZ
176,Klement-Gottwald-Allee,strassenbahn,['3'],"52.55195794348502, 13.465463416078652+52.55207481375682, 13.465630856253787+52.55389472455495, 13.467430897209223+52.553895463463604, 13.467472780449688+52.55692922136002, 13.466986575595088",nan,"74E+ 3+ ['99']+ ['70']+ ['70', '29']+ 70+ 20+ 70,29+ 20+ 29"
177,Klement-Gottwald-Allee Ecke Rennbahnstrasse,Autobus,['A 55'],"52.55694652931542, 13.466966083751453",",+nan","A45, A46+ A45,A46+ ['A45']+ ['45']"
178,Klement-Gottwald-Allee/Rennbahnstrasse,Autobus,"['A 46', 'A 45']",,,
179,Klement-Gottwald-Allee/Rennbahnstrasse,strassenbahn,['72'],,,
180,"Klingenberg, Blockdammweg",strassenbahn,['13'],"52.4842462,13.5104609",Q66085182,"['13']+ 13+ 13,82"
181,Klosterstrasse,Omnibus,['O 30'],,,
182,Klosterstrasse,u-bahn,['A'],"52.516111111111, 13.412222222222+52.516111111111,13.412222222222",Q657893,"['A']+ ['A I']+ ['A I']+ A I,A II+ A+ A+ ['A']+ ['A']+ ['A']+ ['A']+ A+ A+ A"
183,Kniprodestrasse,strassenbahn,['4'],"52.5325286,13.4406868",Q65707391,"13,69E,4+ 13,4+ 4,13,69E+ ['13', '4', '69E']+ ['4', '17', '19', '13']"
184,Kniprodestrasse/Ermländische Strasse,Autobus,['A 57'],,,
185,"Kolonie ""Land im Sonne""",Autobus,['A 39'],,,
186,Konsum Wernsdorf,Autobus,['Schmöckwitz - Ziegenhals'],"52.36448396303661, 13.698441127852544",nan,Schmöckwitz<>Ziegenhals (VEB Kraftverkehr Schöneiche-Rüdersdorf)
187,Konsum Ziegenhals,Autobus,['Schmöckwitz - Ziegenhals'],"52.353014165379946, 13.671672670712805",nan,Schmöckwitz<>Ziegenhals (VEB Kraftverkehr Schöneiche-Rüdersdorf)
188,Kraftwerk Klingenberg,strassenbahn,"['82', '13']","52.4881374,13.4958685","Q66079524+Q66079524, Q66079524","['13']+ ['13']+ ['13', '82']+ 13, 82+ 13,82+ ['82', '13']+ ['82', '13', '21']+ ['82', '21', '13']+ ['13', '21', '82']"
189,Krankenhaus Köpenick,Autobus,['A 27'],"52.4388396,13.5920763","nan+nan, nan","['27']+ ['27']+ 27+ 27+ {'115'}, {'27'}"
190,Krankenhaus Köpenick,strassenbahn,['95'],"52.43861200573594, 13.592411258792163",nan,95+ 95+ ['95']+ ['95']
191,Kurische Strasse,Autobus,['A 9'],"52.53541468899389, 13.439085794623837",nan,A9+ A9+ A9+ ['A9']+ ['9']
192,Kurt-Fischer-Platz,Autobus,['A 7'],"52.57973292845757, 13.398330728468228","nan+nan, nan","['A7']+ A7+ A7+ A7,A7E+ ['A7', 'A50', 'A7E']+ ['7', '50']+ ['33']+ 33+ 33+ {'7'}, {'33'}"
193,Kurt-Fischer-Platz,strassenbahn,"['22', '46']","52.578668,13.3983016",Q65032974,"['22', '46']+ 46E,22,46+ 46,22+ 46,22+ ['22', '46']+ ['22', '46']+ ['22', '46']+ ['22']+ 22+ 22+ 22,121,120"
194,Köllnischer Platz,strassenbahn,"['84', '86']","52.4447189,13.5686225",Q66363379,"['84', '86']+ ['84', '86']+ 86,84+ 84,86"
195,Königstor,Autobus,"['A 57', 'A 9']","52.52520269485428, 13.419834994127731",nan,"['A9', 'A40']+ ['A9', 'O40', 'O30']+ O40,O30,A57,A9+ O40,A57,A9+ A57,A9,O40,O30+ ['A57', 'A9', 'O30', 'O40']+ ['57', '9']"
196,Königstor,Omnibus,['O 40'],,,
197,Königstor,strassenbahn,['74'],"52.52821600265539, 13.423869016265495",nan,"['73', '74']+ ['74']+ 74,74E+ 74E,74+ 74E,74+ ['74', '73']"
198,Köpenickerstrasse Ecke Adalbertstrasse,Omnibus,['1'],,,
199,Küstriner Platz,Omnibus,"['O 30', 'O 40']",,,
200,LPG Falkenberg,Autobus,['A 46'],"52.57043275562403, 13.536024836217607+52.57689764194031, 13.582483848603614",nan,A46+ A46+ ['A46']+ ['L/41']
201,Langhansstrasse Ecke Gustav-Adolf-Strasse,Autobus,"['A 55', 'A 45']","52.55363454206649, 13.43469073771919",nan,A55
202,Leninallee,strassenbahn,['4'],"52.525934, 13.446237+52.5259343,13.4462368+52.532258, 13.476705+52.5342654901113, 13.499735220510763+52.535421935396656, 13.51736507155631",Q65553230+Q65942700+nan,"['13', '4']+ 13,4+ 13,4+ 4,13+ ['13', '4']+ ['4', '13']+ ['3', '4', '21', '13']+ ['29', '13', '4', '21', '3']+ ['12', '20']+ 21,13,4,3+ 20,12+ 21,4,13,3+ 29+ 20,12+ 13,4,3+ 29+ 10,12+ 16"
203,Leninallee Ecke Dimitroffstrasse,strassenbahn,['13'],"52.5259343,13.4462368+52.526376866541014, 13.447609553656962",Q65553230+nan,"['64', '13']+ ['69', '64']+ 21"
204,Leninplatz,Omnibus,['O 40'],,,
205,Leninplatz,strassenbahn,"['1', '63', '69', '64']","52.5232658,13.4326457",Q65553105,"['64']+ ['1', '63', '69', '64']+ 69,64,63,1+ 64,63,1+ 1,63,69,64+ ['63', '64', '82', '69', '74']+ ['63', '69', '74']+ ['17', '63', '74', '15']+ ['11', '63', '18', '15']+ 11,18+ 18,11,63,72,63E"
206,Lerchenstrasse,Autobus,['S-Bhf. Rahnsdorf - Woltersdorfer Schleuse'],"52.45518873071384, 13.734268401558374",nan,S-Bhf. Rahnsdorf <> Woltersdorfer Schleuse (VEB Woltersdorf)
207,Lichtenberger Strasse Ecke Berlinerstrasse,strassenbahn,['72'],,,
208,Lichtenberger Strasse Ecke Berlinerstrasse,strassenbahn,['74'],,,
209,Lichtenberger Strasse Ecke Buschallee,strassenbahn,['70'],,,
210,Lindenberg,Autobus,['A L'],"52.602597712625055, 13.5250306401055",nan,['AL']+ AL+ AL+ AL
211,Lindenstrasse Ecke Bahnhofstrasse,strassenbahn,['95'],"52.4505094,13.572684",Q66095701,"['87', '95']+ ['83', '87', '95', '86']+ ['84', '82', '83', '86']+ 86,84,83+ 83,86,84+ ['86', '83', '83E']+ ['86', '83']"
212,Luxemburgplatz,u-bahn,['A'],"52.528333333333,13.410277777778",Q658790,"['A I']+ ['A I']+ A I,A II+ A+ A+ ['A']+ ['A']+ ['A']"
213,Magdalenenstrasse,u-bahn,['E'],"52.5125,13.486388888889",Q473901,['E']+ ['E']+ ['E']+ E+ E+ E+ ['E']+ ['E']+ ['E']+ ['E']+ E+ E+ E
214,Mahlsdorf-Süd,strassenbahn,['83'],"52.4741663,13.5991443",Q66368466,"83+ 83+ 83+ ['83']+ ['83']+ ['83']+ ['83', '82']+ 83,82+ 83,82+ 83,82"
215,"Mahlsdorf-Süd, Hubertus",strassenbahn,"['82', '86']","52.4741663,13.5991443",Q66368466,"['83', '86']+ ['83', '86']+ 86,82+ 86,82+ 86,82+ ['82', '86']+ ['82']+ ['82', '86']"
216,"Malchow, Dorfstrasse",Autobus,"['A 46', 'A L']","52.580462270708544, 13.482797576255583",nan,"['A46', 'AL']+ AL,A46+ AL,A46+ AL,A46+ ['AL', 'A46']+ ['L/41']"
217,Malchower Weg,Autobus,['A 46'],"52.56152031238405, 13.500485897507804",nan,['A46']+ A46+ A46+ A46+ ['A46']+ ['L/41']
218,Marchlewskistrasse,u-bahn,['E'],"52.516794444444,13.444991666667",Q551768,['E']+ ['E']+ E+ E+ E+ ['E']+ ['E']+ ['E']+ ['E']+ E+ E+ E
219,Margaretenaue,strassenbahn,['49'],,,
220,Markgrafendamm,Autobus,['A 82 P'],"52.49919969372071, 13.465742293248686",nan,['A82P']+ A82P+ A82P+ 82P+ ['82P']+ ['34']+ 34+ 34
221,Marx-Engels-Platz,Autobus,"['A 57', 'A 9']","52.51617617310524, 13.400937413635054",nan,"A57,A9+ A57,A9+ A9,A57+ ['57']"
222,"Marzahn, Berliner Chaussee",Autobus,['A 43'],"52.54286481407268, 13.550124906736844+52.54469782123951, 13.564560329042491",nan,A43+ A43+ A43+ ['A43']
223,Marzahner Chaussee,Omnibus,['O 37'],,,
224,Molkenmarkt,strassenbahn,"['72', '74', '71']","52.51679321421663, 13.409330619020574",nan,"['72', '82', '64', '73', '65', '60']+ ['73', '82', '72']+ ['74', '82', '72']+ 72,74E,74+ 74,72"
225,Müggelheim,Autobus,['A 27'],"52.41018331064196, 13.665897531850348",nan,"['27']+ A27+ A27+ ['A27']+ ['27', '27E']"
226,Müggelseeperle,Autobus,['A 27'],"52.42170168937569, 13.640893083169368","nan+nan, nan","A27+ A27+ ['A27']+ 27+ 27+ {'115'}, {'27'}"
227,Neu-Lindenberg,Autobus,['A L'],"52.600885625411856, 13.554794085696633",nan,AL+ AL+ AL+ ['AL']+ ['41']+ 41+ 41+ 41
228,Nordend,Autobus,['A 7'],"52.59006569360479, 13.401740566033476+52.5902104,13.4027524",nan,"A7+ A7+ A7,A7E+ ['A7', 'A7E']+ ['7']+ ['7']+ ['7']+ 7+ 7+ 7"
229,Nordend,strassenbahn,['46'],"52.5902104,13.4027524",Q65032696,"['199', '47']+ 46+ 46+ 46+ ['46']+ ['46']+ ['46']+ ['46']+ 46+ 46+ 121,46"
230,Nordendstrasse,strassenbahn,['22'],"52.588534,13.3882952",Q65428345,"['22']+ 22+ 22+ 22+ ['22']+ ['22']+ ['22']+ ['22']+ 22+ 22+ 22,120"
231,Normanenstrasse,Autobus,['A 23'],,,
232,"Oberspree, Bruno-Bürgel-Weg",strassenbahn,['92'],"52.452777014581045, 13.537124836409932",nan,92+ 92+ ['92']
233,Omnibus-Bf. Lichtenberger Strasse,strassenbahn,['3'],,,
234,Oranienburger Tor,Autobus,"['A 9', 'A 59']","52.52716314203455, 13.38710905184874",nan,"['A40']+ ['A9', 'O40']+ O40+ O40,A9+ A9,O40,A59+ ['A57', 'O40']+ ['59', '57']+ ['30', '57']+ ['30', '57', '40']+ 57,59,30,40+ 57/E,40,59,30+ 57,59,30,40"
235,Oranienburger Tor,Omnibus,['O 40'],,,
236,Oranienburger Tor,strassenbahn,"['1', '46', '70', '11', '69']","52.5256031,13.3872745+52.539688922405084, 13.205173102056984",Q65095375+nan,"['75']+ ['46', '1', '70']+ ['46', '11', '70', '69', '1']+ 69,70,46+ 46,70,11,1+ 11,1,70,46,69+ ['71', '69', '46', '70']+ ['71', '63', '70', '69', '73', '46']+ ['73', '46', '70', '63', '71', '22']+ ['71', '22', '63', '70', '46', '24']+ 22,71,70,63,46+ 22,71,70,63,72,46+ 108,121,22,71,70,63,46"
237,Ossietzkyplatz,strassenbahn,['46'],"52.58100580136794, 13.404014807678767+52.58108768165445, 13.404146422757542",nan,"['46']+ ['46']+ 46E,46+ 46+ 46+ ['46']"
238,Ostbahnhof,Omnibus,['O 40'],,,
239,Ostbahnhof,strassenbahn,"['82', '1']","52.509107635417394, 13.43550619008533",nan,"['82']+ 82+ 82,1+ 1,82+ ['82', '4']"
240,Pankow (Vinetastrasse),u-bahn,['A'],"52.559166666667,13.413333333333",Q570906,"['A I']+ ['A I']+ A I,A II+ A+ A+ ['A']+ ['A']+ ['A']+ ['A']+ A"
241,"Pankow, Kirche",Autobus,"['A 55', 'A 58', 'A 45']","52.57124680898358, 13.410670715665145","nan+nan, nan","['A7']+ A45,A55+ A55,A45+ A45,A55,A58+ ['A58', 'A45']+ ['45', '55', '58']+ ['45', '7', '33']+ ['33', '7']+ 7,33+ 7,33+ {'7', '109'}, {'33'}"
242,"Pankow, Kirche",strassenbahn,"['22', '49', '46']","52.5706452,13.4103115",Q65055066,"['49', '24', '46']+ ['22', '49', '46']+ 49,46E,22,46+ 49,22+ 46,49,22+ ['49', '22', '46']+ ['22', '49', '46']+ ['22', '49', '46']+ ['49', '46', '22']+ 49,22,46+ 49,22,46+ 121,22,120,49,46"
243,"Pankow, Rathaus",Autobus,"['A 45', 'A 55', 'A 58', 'A 7']","52.56953908840178, 13.404186437171612",nan,"['A7']+ ['A7']+ A7,A45,A55+ A55,A45,A7+ A7,A45,A55,A58,A7E+ ['A7', 'A50', 'A7E']+ ['45', '55', '7', '58']+ ['45', '7', '33', '55']+ ['45']+ 45+ 45+ 45"
244,"Pankow, Rathaus",strassenbahn,"['22', '46']","52.5694816,13.4038045",Q65055060,"['24', '23', '46']+ 46E,22,46+ 46+ ['22']+ ['22', '46']+ ['22', '46']+ 22,46+ 22,46+ 22,46,121,120"
245,Parkstrasse Ecke An der Wuhlheide,strassenbahn,['82'],,,
246,Parkstrasse Ecke An der Wulheide,strassenbahn,['95'],,,
247,Parkstrasse Ecke Lindenstrasse,strassenbahn,['87'],,,
248,Pielsporter Strasse,Autobus,['A 55'],,,
249,Platz vor dem Neuen Tor,Autobus,['A 9'],"52.52921245715711, 13.378513556812177",nan,A9+ A9+ ['A57']+ ['57']+ ['57']+ ['57']+ 57+ 57/E+ 57
250,Post,Autobus,"['S-Bhf. Friedrichshagen - Rüdersdorf, Karl-Marx-Platz']","52.47029587176764, 13.786537970773646",nan,"S-Bhf. Friedrichshagen <> Rüdersdorf, Karl-Marx-Platz (VEB Schöneiche-Rüdersdorf)"
251,Prenzlauer Allee,strassenbahn,['4'],"52.52702151127797, 13.415644211224935+52.539178850458995, 13.424228356113515+52.5396522,13.4244789+52.55112114420164, 13.442654335995105+52.551198738188624, 13.430193229463164",Q65222180+nan,"['72', '73']+ ['13', '4']+ 13,4+ 13,4+ 4,13+ ['13', '4', '71', '72']+ ['4', '13']+ ['3', '13', '21', '4', '63']+ ['15', '63']+ ['13', '21', '4']+ ['3']+ 15,63,18+ 21,4,13+ 3+ 63+ 21,4,13+ 3+ 108,11,63,63E+ 21,13,4,102"
252,Prenzlauer Allee Ecke Dimitroffstrasse,strassenbahn,['13'],,,
253,Prenzlauer Promenade,Autobus,['A 56'],"52.5516751737526, 13.430326005865055+52.55642439286142, 13.429121028483438+52.57204735311074, 13.428760800434935",nan,"A56+ ['55', '42', '31']+ ['45', '42', '55']+ ['45', '55']+ ['56']+ 45,56+ 55+ 56E,56,45+ 55+ 56,45+ 55"
254,Prenzlauer Promenade,strassenbahn,"['70', '72', '3']","52.55155536618067, 13.43032253030515",nan,"['73']+ 70,3,72+ 72,3,70+ 3,70,72+ ['71', '70', '72', '3']+ ['70', '71', '3', '72']+ 3,113,71,103,72"
255,Prenzlauer Promenade (Spitze),Autobus,['A 42'],"52.5516751737526, 13.430326005865055+52.55169017006126, 13.430288457592285",nan,A56+ A42+ A42
256,Prenzlauer Promenade (Spitze),strassenbahn,['71'],,,
257,Prenzlauer Promenade Ecke Granitzstrasse,Autobus,['A 55'],"52.572092016203484, 13.42875772052513",nan,A55+ A55
258,Prenzlauer Promenade Ecke Kissingenstrasse,Autobus,['A 45'],"52.56795804833996, 13.427734373319213",nan,A45+ A45+ A45+ ['A45']+ ['45']
259,Prenzlauer Tor,Omnibus,['O 40'],,,
260,Prenzlauer Tor,strassenbahn,['71'],"52.52709114016772, 13.415809370320808",nan,"['71']+ 71,72+ 71+ 71+ ['71', '72', '73']+ ['63']"
261,Proskauerstrasse Ecke Dolziger Strasse,Omnibus,['O 30'],,,
262,Rahnsdorf,strassenbahn,['87'],"52.443531694444445,13.685038",Q66361311,"['87']+ ['87']+ 87+ 87+ 87+ ['87']+ ['87']+ ['25']+ ['25']+ 25+ 25+ 124,25"
263,Rahnsdorfer Strasse Ecke Hultschiner Damm,strassenbahn,['83'],,,
264,Rennbahnstrasse Ecke Bernkasteler Strasse,strassenbahn,['74'],,,
265,Rennbahnstrasse Ecke Gustav-Adolf-Strasse,Autobus,['A 56'],"52.56218648050474, 13.454267038723398",nan,A56+ A56+ A56+ ['A56']
266,Richtershorn,strassenbahn,['86'],"52.40105,13.6248473",Q66481215,"['86']+ ['86']+ 86+ 86+ 86+ ['86']+ ['86']+ ['86']+ ['86']+ 86+ 124,86"
267,Ridbacher Strasse,Autobus,['A 49'],"52.527457204488485, 13.606447755554132",nan,['A49']+ A49+ A49+ A49+ ['A49']
268,Robert-Koch-Platz,Autobus,['A 57'],"52.527570508835595, 13.37877230286134",nan,"['A40']+ ['O40']+ O40,A57+ O40,A57+ A57,O40+ ['A18', 'O30', 'O40']+ ['40', '18', '30']+ ['30']+ ['30', '40']+ 40,30+ 40,30+ 40,30"
269,Robert-Koch-Platz,Omnibus,['O 40'],,,
270,Roederplatz,Omnibus,['O 30'],,,
271,Roederplatz,strassenbahn,"['69', '3']","52.5266001,13.479068",Q65685373,"['3', '69']+ 69,3,69E+ 3+ 3,69,69E+ ['69', '69E', '3']+ ['17', '19', '3', '69']"
272,"Rosenthal, Haupstrasse",strassenbahn,['22'],,,
273,Rosenthaler Platz,Omnibus,['O 40'],,,
274,Rosenthaler Platz,strassenbahn,"['22', '49', '82']","52.5301769,13.4016121","Q65093945+Q65093945, Q65093945","['1']+ ['49']+ ['1', '22', '49', '11']+ 1,49,22,11+ 22,11,1, 49+ 49,1,11,22+ ['82', '49']+ ['49']+ ['17', '49']+ ['11', '49']+ 49,11,18+ 49,11+ 49,11,18"
275,Rosenthaler Strasse,strassenbahn,['49'],"52.526863056079485, 13.403424759115316+52.52972250230036, 13.401399490581403+52.59633,13.432876",Q66192394+nan,['1']+ 49+ ['49']+ 49+ 18+ 49
276,"Rüdersdorf, Karl-Marx-Platz",Autobus,"['S-Bhf. Friedrichshagen - Rüdersdorf, Karl-Marx-Platz']","52.468598623083736, 13.791633300477105",nan,"S-Bhf. Friedrichshagen <> Rüdersdorf, Karl-Marx-Platz (VEB Schöneiche-Rüdersdorf)"
277,"Rüdersdorf, Thälmannplatz",Autobus,"['S-Bhf. Friedrichshagen - Rüdersdorf, Karl-Marx-Platz']",,,
278,S-Bhf. Adlershof,strassenbahn,['84'],"52.435251,13.5408489",Q66363728,"['84']+ 84+ 84+ 84+ ['84']+ ['84']+ ['84']+ ['84']+ 84+ 84+ 84,114"
279,S-Bhf. Alexanderplatz,Autobus,"['A 57', 'A 9']","52.52074877770386, 13.412147230655155",nan,"O30,A57,A9+ O30,A57,A9+ A9,A57"
280,S-Bhf. Alexanderplatz,Omnibus,['O 30'],,,
281,S-Bhf. Altglienicke,Autobus,['A 23'],"52.40840519773821, 13.558816171743953",nan,A23+ ['A23']+ ['23']+ ['23']+ ['23']+ 23+ 23+ 23
282,S-Bhf. Baumschulenweg,Autobus,['A 47'],"52.4674967534767, 13.489379882069517",nan,"A47+ A47+ A47+ ['A47']+ ['47']+ ['47', '66', '65']+ ['47']+ 65,47+ 47+ 47"
283,S-Bhf. Baumschulenweg,strassenbahn,"['95P', '95']","52.467425320387854, 13.489303343986984+52.46749282015981, 13.489379267619205",nan,"95,95P+ 92+ ['92']+ ['21']"
284,S-Bhf. Biesdorf,Omnibus,['O 37'],,,
285,S-Bhf. Friedrichsfelde-Ost,Autobus,['A 43'],"52.51324537165634, 13.524030584354616",nan,['A43']+ A43+ A43+ A43+ ['A43']
286,S-Bhf. Friedrichshagen,Autobus,"['S-Bhf. Friedrichshagen - Rüdersdorf, Karl-Marx-Platz']","52.45731046148184, 13.625536519339297",nan,"S-Bhf. Friedrichshagen <> Rüdersdorf, Karl-Marx-Platz (VEB Schöneiche-Rüdersdorf)"
287,S-Bhf. Friedrichshagen,strassenbahn,"['84', '87']","52.4564126,13.6253656+52.4576956,13.6266712","Q66360784+Q66499230+Q66499230, Q66499230","['84', '87']+ 87,84+ 84,87+ 84,87+ ['84', '87']+ ['87', '84']+ ['25', '84']+ ['S-Bhf. Friedrichshagen <> Alt-Rüdersdorf', '84', '25']+ S-Bhf. Friedrichshagen <> Rüdersdorf,84,25+ S-Bhf. Friedrichshagen <> Rüdersdorf,84,25+ {'124'}, {'25', '84'}"
288,S-Bhf. Greifswalder Strasse,strassenbahn,['74'],"52.5407234,13.4382904",Q65548932,"['74']+ 74,74E+ 74E,74+ 74E,74+ ['74']+ ['74', '75']+ 24+ 24,28"
289,S-Bhf. Grünau,Autobus,"['A 36', 'A 38']","52.41361515857581, 13.573796290663196",nan,"['A36']+ ['A36', 'A38']+ A38,AZ,AD/36+ AD/36,A38,AZ,S-Bhf. Grünau <> Potsdam, Bassinplatz (VEB Potsdam-Babelsberg)+ AD,A38,A36+ ['A36', 'AD/38']+ ['36']+ ['36', '38']+ ['36', '38']+ 36,38,37+ 36,38,37+ 37,38,36"
290,S-Bhf. Grünau,strassenbahn,['86'],"52.413493,13.5746802",Q62470512,"86+ 86+ ['86']+ ['86']+ ['86']+ ['86']+ 86+ 124,86"
291,S-Bhf. Grünbergallee,Autobus,['A 36'],"52.39982232817773, 13.540170966673278","nan+nan, nan","A36+ ['A23', 'A36']+ ['23', '36']+ ['36', '23']+ ['23', '36']+ 36,23+ 36,23+ {'23'}, {'36'}"
292,S-Bhf. Jannowitzbrücke,strassenbahn,"['22', '82', '64', '71', '11']","52.51478599600389, 13.418056238742702",nan,"64,11,82+ 11,64,74E,82,22+ ['74', '64']"
293,S-Bhf. Karlshorst,strassenbahn,['69'],"52.481331,13.5254433",Q65952829,"['69']+ 69,69E+ 69+ 69,69E+ ['69', '69E']+ ['69']"
294,"S-Bhf. Kaulsdorf, Planitzstrasse",Autobus,['A 27'],"52.51113864301491, 13.58755467300039",nan,['A27']+ A27+ A27+ A27+ ['A27']+ ['27']
295,S-Bhf. Köpenick,Autobus,['A 27'],"52.45882190200453, 13.579564677172508","nan+nan, nan","['A27']+ A27+ A27+ A27+ ['A27']+ ['27', '27E']+ ['27']+ ['27', '68']+ 27,68+ 27,69,68+ {'115', '69'}, {'68', '27'}"
296,S-Bhf. Köpenick,strassenbahn,"['82', '86', '83']","52.4582153,13.5790435",Q66370784,"['83']+ ['82', '83', '86']+ 86,82,83+ 83,86,82+ 83,86,82+ ['82', '86', '83', '83E']+ ['86', '83', '82']+ ['82', '86', '83']+ ['83', '86', '82']+ 83,82+ 83,82,86+ 83,82,83E,86"
297,S-Bhf. Mahlsdorf,Autobus,"['A 44', 'A 44 E']","52.51234908870327, 13.61221793610957","nan+nan, nan","['A44E', 'A44']+ A44E,A44+ A44,A44E+ A44,A44E+ ['A44', 'A44E']+ ['44E', '44']+ ['44E', '44']+ ['44']+ 95,44+ 99,95,44+ {'107'}, {'99', '95', '44'}"
298,S-Bhf. Mahlsdorf,strassenbahn,['83'],"52.51221826761895, 13.612190748726157",nan,['83']+ ['83']+ 83+ 83+ 83+ ['83']+ ['83']+ ['83']+ ['83']+ 83+ 83+ 83
299,S-Bhf. Marx-Engels-Platz,strassenbahn,['49'],,,
300,S-Bhf. Ostkreuz,strassenbahn,['82'],"52.50243021718411, 13.469020052690205",nan,['82']+ 82+ 82+ 82+ ['82']+ ['82']+ ['82']+ ['82']+ 82+ 82+ 82
301,S-Bhf. Pankow,Autobus,"['A 55', 'A 58', 'A 45']","52.56742037379333, 13.412250129587665","nan+nan, nan","A55+ A55,A58+ ['A58']+ ['58']+ ['45', '7', '33', '55']+ ['45', '55', '33', '7']+ 33,55,45,7+ 7,45,33+ {'7', '109', '101'}, {'33', '45'}"
302,S-Bhf. Pankow,strassenbahn,"['22', '49', '46']","52.5675692,13.4121641",Q65055075,"46,49,22+ 46,49,22+ ['22', '49', '46']+ ['49', '46', '22']+ 49,22,46+ 49,22,46+ 22,121,46"
303,S-Bhf. Pankow-Heinersdorf,strassenbahn,['49'],"52.577507820515834, 13.427853061920917",nan,"['49']+ ['49']+ 49+ 49+ 49+ ['49']+ ['49']+ ['49']+ ['49']+ 49+ 49+ 49,120"
304,S-Bhf. Plänterwald,strassenbahn,"['87', '92']","52.479645467025435, 13.47567729609248",nan,"92,87+ 87,95+ ['95', '87']+ ['87', '95']"
305,S-Bhf. Prenzlauer Allee,strassenbahn,"['72', '71']","52.5448075,13.427408",Q65219791,"['71', '72']+ 71,72+ 72,71+ 71,72+ ['71', '72']+ ['71', '72']+ ['72', '71']+ ['71', '20', '72']+ 71,20,72+ 20,72,71+ 20,113,71,70,72"
306,S-Bhf. Rahnsdorf,Autobus,"['A 22', 'S-Bhf. Rahnsdorf - Woltersdorfer Schleuse']","52.451628368326396, 13.691579101298974",nan,"['A22']+ A22+ A22,S-Bhf. Rahnsdorf <> Woltersdorfer Schleuse (VEB Woltersdorf)+ A22+ ['A22']+ ['22']+ ['61']+ 61+ 61+ 61"
307,S-Bhf. Rummelsburg,Omnibus,['O 30'],,,
308,S-Bhf. Schönhauser Allee,strassenbahn,"['22', '49', '46']","52.5493619,13.4135734",Q65088013,"['49']+ ['22', '49', '46']+ 46,49,22+ 46,49,22+ ['49', '22', '46']+ ['22', '49', '46']+ ['22', '49', '46']"
309,S-Bhf. Spindlersfeld,strassenbahn,['84'],"52.4457311,13.5624298",Q66363397,"['84']+ 84+ 84+ 84+ ['84']+ ['84']+ ['84']+ ['84']+ 84+ 84+ 84,114"
310,S-Bhf. Treptower Park,Autobus,['A 47'],"52.49403640886682, 13.460762565516704","nan+nan, nan","A47+ A47+ A47+ ['A47']+ ['47']+ ['64', '67', '65', '47', '66']+ ['47', '64', '65', '66', '67']+ 64,47,67,66,65+ 64,47,67,66,65+ {'109', '64'}, {'66', '65', '47', '67'}"
311,S-Bhf. Warschauer Strasse,strassenbahn,"['3', '4']","52.506416666667,13.450955555556+52.5080429,13.4505973",Q111252298+Q65706190,"4,3+ 4,3+ 4,3+ 4,3"
312,S-Bhf. Wilhelmshagen,Autobus,['A 22'],"52.43886122089184, 13.721060252199655",nan,['A22']+ A22+ A22+ A22+ ['A22']+ ['22']+ ['61']+ 61+ 61+ 61
313,Saarbrücker Strasse Ecke Prenzlauer Allee,strassenbahn,"['72', '71']",,,
314,Sadowastrasse,Autobus,['A 8'],"52.482675472271694, 13.584833068425244",nan,"A8+ A8,A8E+ A8,A8E+ ['A8E']+ ['8']+ ['8']+ ['8']"
315,Samariterstrasse,u-bahn,['E'],"52.514722222222,13.464444444444",Q552891,['E']+ ['E']+ ['E']+ E+ E+ E+ ['E']+ ['E']+ ['E']+ ['E']+ E+ E+ E
316,Scharnhorststrasse,Autobus,['A 57'],"52.530048717863, 13.374421833191816",nan,A57+ ['57']+ ['57']+ ['57']+ 57+ 57/E+ 57
317,Scharnhorststrasse Ecke Kieler Strasse,Autobus,['A 9'],"52.534358722624745, 13.370310836134667",nan,A9+ A9
318,"Schildow, Kirche",Autobus,['A 7'],"52.63581867397586, 13.377719168374458",nan,"['A7']+ A7+ A7+ A7,A7E,AS+ ['A7', 'A7E']+ ['7']"
319,Schillingstrasse,u-bahn,['E'],"52.520277777778,13.421666666667+52.520278,13.421667+52.5203281262719, 13.421918670116558",Q552899,['E']+ ['E']+ ['E']+ E+ E+ E+ ['E']+ ['E']+ ['E']+ ['E']+ E+ E+ E
320,Schumannstrasse,Autobus,['A 57'],"52.52350700053633, 13.379478600060418",nan,A57+ ['18']+ ['78']+ 78+ 78+ 78
321,Schönefeld Gargenstrasse,Autobus,['A 36'],,,
322,"Schönefeld, Flughafen Nord",Autobus,['A 24'],,,
323,"Schönefeld, Flughafen Süd",Autobus,['A 24'],,,
324,"Schönefeld, Gartenstrasse",Autobus,['A 36'],,,
325,"Schönefeld, Kirche",Autobus,"['A Z', 'A 24']","52.387425080944524, 13.505964115736859",nan,"AZ,A36+ ['A36']"
326,Schönefelder Chaussee,Autobus,['A 23'],"52.409778884134546, 13.526974904149686",nan,A23+ ['23']+ ['23']+ 23+ 23
327,"Schöneiche, Goethepark",Autobus,"['S-Bhf. Friedrichshagen - Rüdersdorf, Karl-Marx-Platz']","52.470798548586494, 13.68835638892532",nan,"S-Bhf. Friedrichshagen <> Rüdersdorf, Karl-Marx-Platz (VEB Schöneiche-Rüdersdorf)"
328,Schönhauser Allee,strassenbahn,['3'],"52.5493619,13.4135734+52.549362, 13.413573+52.5537705,13.4138898+52.553771, 13.41389",Q65076842+Q65088013,"['49', '47']+ ['70', '3']+ 3+ ['3']+ ['3']+ ['3']+ ['3']+ ['46']+ 3+ 3+ 3,103"
329,Schönhauser Allee,u-bahn,['A'],"52.549328888889,13.413706111111",Q47014936,"['A I']+ ['A I']+ A I,A II+ A+ A+ ['A']+ ['A']+ ['A']+ ['A']+ A+ A+ A"
330,Seelenbinderstrasse,strassenbahn,['83'],"52.4554632,13.5769303",Q66324934,"['87']+ ['84', '87']+ 84+ 83,84,86,82+ ['25']+ 82,25+ 83,82,25+ 83E,83,82,124,86"
331,Seelenbinderstrasse Ecke Bahnhofstrasse,strassenbahn,['87'],"52.4554632,13.5769303",Q66324934,"87+ 84, 87+ ['84', '87']+ 25"
332,Seelenbinderstrasse Ecke Lindenstrasse,strassenbahn,"['84', '86']",,,
333,Siegfriestrasse Ecke Herzbergstrasse,strassenbahn,['69'],,,
334,Sonnenallee,strassenbahn,['95P'],"52.46218348846541, 13.477104416215733+52.48608535616972, 13.4303114768788+52.48613359502478, 13.430239659364373",nan,"['95']+ ['26']+ 26+ 95P,26"
335,Spittelmarkt,strassenbahn,"['72', '74', '64']","52.511243321361405, 13.40494539543245",nan,"['87', '74']+ ['73', '64', '72', '74']+ ['74', '82', '64']+ 64,74,72+ 64,72,74E,74+ 74E,74,72,64+ ['74', '64']"
336,Spittelmarkt,u-bahn,['A'],"52.511111111111,13.403611111111",Q569489,"['A']+ ['A I']+ ['A I']+ A I,A II+ A+ A+ ['A']+ ['A']+ ['A']+ ['A']+ A+ A+ A"
337,Stadion Buschallee,strassenbahn,['70'],"52.5566718,13.4869834",Q65504715,"['70']+ 70+ 70+ 70+ ['70']+ ['99', '70']+ ['70']+ ['70']+ 70+ 70+ 10,113,28,70"
338,Stadtmitte,u-bahn,['A'],"52.5122,13.3894",Q660066,"['A', 'C']+ ['C I']+ A+ A+ ['A']+ ['A']+ ['A']+ ['A']+ A+ A+ A"
339,Stalinallee (Ringbahn),u-bahn,['E'],"52.514166666667,13.474722222222",Q552872,E+ E+ E
340,Sterndamm,Autobus,['A 47'],"52.44658674940087, 13.506534865142585",nan,"A47+ A47+ A47+ ['A47']+ ['66']+ ['47', '66']+ 47,66+ 47,66+ 47,66"
341,Steuerhaus,Omnibus,['O 37'],,,
342,Steuerhaus,strassenbahn,"['69', '63', '64']","52.530493,13.4614989",Q65553632,"['64']+ ['63', '69', '64']+ 69,64,69E,63+ 64,63+ 69E,63,69,64+ ['63', '69', '69E', '64']+ ['69']"
343,Strab. Bf. Köpenick,strassenbahn,['83'],,,
344,"Stralau, Kinderheim",Autobus,['A 82 P'],,,
345,Stralauer Allee,strassenbahn,['82'],,,
346,Strasse 78,Autobus,['A 42'],"52.614646041574915, 13.484873269723556",nan,A42+ A42+ ['A42']
347,Strasse nach Wartenberg,Autobus,['A 46'],"52.56866269126953, 13.520582099858125+52.56868257933861, 13.520646670971487",nan,['A46']+ A46+ A46+ A46+ ['41']+ 41+ 41+ 41
348,Strausberger Platz,u-bahn,['E'],"52.518055555556,13.430833333333",Q570999,['E']+ ['E']+ ['E']+ E+ E+ E+ ['E']+ ['E']+ ['E']+ ['E']+ E+ E+ E
349,Taubenstrasse Ecke Glinkastrasse,strassenbahn,['72'],"52.51282807699578, 13.386550049684635",nan,72
350,Thälmannplatz,Autobus,['S-Bhf. Rahnsdorf - Woltersdorfer Schleuse'],"52.45066904252597, 13.752260000383929",nan,S-Bhf. Rahnsdorf <> Woltersdorfer Schleuse (VEB Woltersdorf)
351,Thälmannplatz,u-bahn,['A'],"52.51167,13.38472",Q658391,"['A I']+ ['A I']+ A I,A II+ A+ A+ ['A']+ ['A']+ ['A']+ ['A']+ A+ A"
352,Tierpark Berlin,strassenbahn,['69'],"52.50297204519277, 13.520916474066839",nan,"['69']+ 69,69E+ 69+ 69,69E+ ['69', '69E']+ ['17', '19', '69']"
353,"Treptow, Rathaus",Autobus,['A 47'],"52.48358899866382, 13.480324760498638","nan+nan, nan","A47+ A47+ A47+ ['A47']+ ['47']+ ['47', '67', '64']+ ['47', '64']+ 64,47+ 64,47+ {'64'}, {'47'}"
354,U- u. S-Bhf. Frankfurter Allee,strassenbahn,['3'],,,
355,U-Bhf. Dimitroffstrasse,strassenbahn,"['22', '70', '13', '4']","52.5401928,13.4113979",Q65088313,"['13', '4']+ 46E,70,4,49,22,13,46+ 70,49,22,4,46,13+ 4,22,13,49,70,46+ ['22', '13', '46', '70', '4', '49']+ ['4', '70', '22', '13', '49', '46']+ ['13', '70', '21', '4', '49', '46', '22']+ ['13', '22', '4', '21', '49', '70', '46']+ 13,22,21,49,70,4,46+ 13,22,21,49,70,4,46+ 13,121,102,22,21,49,4,46"
356,U-Bhf. Dimitroffstrasse,strassenbahn,"['49', '46']","52.5401928,13.4113979",Q65088313,"['13', '4']+ 46E,70,4,49,22,13,46+ 70,49,22,4,46,13+ 4,22,13,49,70,46+ ['22', '13', '46', '70', '4', '49']+ ['4', '70', '22', '13', '49', '46']+ ['13', '70', '21', '4', '49', '46', '22']+ ['13', '22', '4', '21', '49', '70', '46']+ 13,22,21,49,70,4,46+ 13,22,21,49,70,4,46+ 13,121,102,22,21,49,4,46"
357,U-Bhf. Franzsösische Strasse,Autobus,['A 59'],,,
358,U-Bhf. Friedrichsfelde (Tierpark),Autobus,"['A 43', 'A 8']",,,
359,U-Bhf. Pankow (Vinetastrasse),Autobus,"['A 58', 'A 7']","52.559329803871, 13.413333194922279",nan,"['A58', 'A50']+ ['58', '50']"
360,U-Bhf. Pankow (Vinetastrasse),strassenbahn,"['22', '46']","52.5596168,13.413232",Q65075426,22
361,U-Bhf. Pankow (Vinetastrasse),strassenbahn,['49'],"52.5596168,13.413232",Q65075426,22
362,U-Bhf. Stadtmitte,Autobus,['A 59'],"52.5104179669139, 13.389881304836392",nan,A59+ ['A59']+ ['59']+ 59+ 59
363,U-Bhf. Strausberger Platz,strassenbahn,['1'],"52.51808306742478, 13.432938339097822",nan,"1+ 1+ 1+ ['74', '64']"
364,U-Bhf. Thälmannplatz,Autobus,['A 59'],"52.511432831026575, 13.383450096801164+52.5114441966642, 13.383432905885536",nan,"A59+ ['A59']+ ['59', '32']+ ['79', '32']"
365,Uckermarkstrasse,Autobus,['A 49'],"52.52145144349922, 13.596724604247981",nan,['A49']+ A49+ A49+ A49+ ['A49']+ ['60']+ 60+ 60+ 60
366,Ulmenstrasse,Autobus,['A 27'],"52.48730877811447, 13.574932033917504",nan,['D']+ ['A27']+ A27+ A27+ A27
367,VEB Baustransporte,Autobus,['A 26'],,,
368,VEB Schiffswerft,strassenbahn,['83'],"52.42547977761138, 13.586220039541647",nan,"83+ 85,83+ ['83', '83E', '85']"
369,"Waldesruh, Mahlsdorfer Allee",Autobus,['A 8'],"52.48493120102871, 13.629069441163518",nan,['8']
370,Waldschänke,Autobus,['A 22'],"52.443318139967566, 13.68593963431219",nan,A22+ A22+ A22+ ['A22']+ ['22']+ ['61']+ 61+ 61+ 61
371,Wallnerstrasse Ecke Alexanderstrasse,strassenbahn,['22'],,,
372,Wallnerstrasse Ecke Alexanderstrasse,strassenbahn,['71'],,,
373,Walter-Ulbricht-Stadion,Autobus,['A 59'],,,
374,Walter-Ulbricht-Stadion,strassenbahn,"['82', '69']","52.535963327585435, 13.376321651970404+52.536515137173154, 13.377775719050113",nan,"['69']+ 69+ 82,69+ ['82', '69']+ ['63', '69']"
375,Waltersdorf,Autobus,['A 38'],"52.36492901110609, 13.555712408051676",nan,['A38']+ A38+ A38+ AD+ ['AD/38']+ ['D/38']+ ['38']+ ['38']+ 38+ 38+ 38
376,Waltersdorfer Chaussee,Autobus,['A 24'],"52.402177459037354, 13.51294235752257+52.41524023032168, 13.497788533964094",nan,58+ 41
377,Warschauer Strasse,Omnibus,['O 30'],,,
378,Warschauer Strasse,strassenbahn,['82'],"52.50502,13.44863+52.5105842,13.4526258",Q63490275+Q65950088,"['4']+ 82+ 3,4,82+ 82+ ['82', '3']+ ['3']+ 3+ 3"
379,"Wartenberg, Dorfstrasse",Autobus,['A 39'],"52.57484089632958, 13.518020972979759",nan,A39+ A39+ A39
380,"Wartenberg, Siedlung",Autobus,['A 39'],"52.58393195902164, 13.53076033685478+52.58402507545126, 13.53101715685476",nan,['A39']+ ['A39']+ A39+ A39+ A39+ ['A39']+ ['39']+ ['39']+ 39+ 39+ 39
381,Wasserwerk,strassenbahn,['87'],"52.4560563,13.6419956",Q66362601,87+ ['87']+ ['84']+ ['84']+ 84+ 84+ 84
382,Waßmannsdorf,Autobus,['A Z'],,,
383,Waßmannsdorfer Weg,Autobus,['A 24'],,,
384,"Weißensee, Nüßlerstrasse",Autobus,['A 56'],"52.56398537909407, 13.469733771213992",nan,A56+ A56+ ['A56']+ ['56']
385,"Weißensee, Pasedagplatz",strassenbahn,['72'],"52.5594027,13.4609594","Q65954665+Q65954665, Q65954665","72+ 72, 74+ 72+ ['72']+ ['73', '72']+ 24,72"
386,"Weißensee, Pasedagplatz/Klement-Gottwald-Allee",strassenbahn,['74'],,,
387,"Weißensee, Schwarzwelfenweg",Autobus,['A 45'],,,
388,Weißenseer Weg,Omnibus,['O 37'],,,
389,Weißenseer Weg,strassenbahn,['63'],"52.532258,13.476705",Q65942700,"['64']+ ['63', '64']+ 64,63+ 64,63+ 63,64+ ['63', '64']+ ['63', '74']"
390,Weißenseer Weg Ecke Berliner Strasse,strassenbahn,['64'],,,
391,Wendenschloß,strassenbahn,['83'],"52.4169658,13.5885926","Q66363928+Q66363928, Q66363928","85+ ['83E', '85']+ ['85']+ ['85', '83']+ ['85', '83']+ 83+ 83,85+ {'83', '85'}, {'83E'}"
392,Wendenstrasse,Autobus,['A 23'],,,
393,Wicherstrasse Ecke Prenzlauer Allee,Autobus,['A 56'],"52.5456730102219, 13.427746498417138",nan,A56
394,Wiener Brücke,strassenbahn,['92'],"52.49588477409083, 13.43650068505988",nan,"['88']+ ['87', '88']+ 87,88+ 92,87+ 87,95+ ['95', '87']+ ['87', '95']"
395,"Wiener Brücke, Krüllstrasse",strassenbahn,['87'],,,
396,Wilhelminenhofstrasse,strassenbahn,['69'],"52.460837970970566, 13.521054382869073+52.4619496,13.5139049",Q65951882+nan,"['87', '95']+ 69,69E+ 69+ 69,69E+ ['69', '69E']+ ['17', '69', '21']+ ['17', '26', '85', '21', '25']+ ['26', '21', '17', '85', '25', '82']+ 25,26,21,82,17+ 25,26,21,17,85+ 88,114,85"
397,Wilhelminenhofstrasse Ecke Edisonstrasse,strassenbahn,['87'],"52.4619496,13.5139049",Q65951882,"['69', '95']+ ['95', '87']+ 87+ 87,82+ ['82', '87']+ ['87', '82']+ 21,25,26"
398,"Wilhelmsruh, Fontanestrasse",Autobus,"['A 55', 'A 58', 'A 45']","52.58985938767378, 13.361193570257216",nan,"['A45']+ ['A55', 'A45']+ A45,A55+ A55,A45+ A45,A55+ ['55']+ 55"
399,Wilhelmstrasse Ecke Friedrichstrasse,Autobus,['A 59'],,,
400,Wilhelmstrasse Ecke Leipziger Strasse,strassenbahn,['74'],,,
401,Wisbyer Strasse Strasse Ecke Schönhauser Allee,strassenbahn,['49'],,,
402,Wolfmarsteig,Autobus,['A 23'],"52.41268952057738, 13.536602630335091",nan,['A23']+ A23+ ['A23']+ ['23']+ ['23']+ ['23']+ 23+ 23+ 23
403,Woltersdorfer Schleuse,Autobus,['S-Bhf. Rahnsdorf - Woltersdorfer Schleuse'],"52.4427723984596, 13.764524016423056",nan,S-Bhf. Rahnsdorf <> Woltersdorfer Schleuse (VEB Woltersdorf)
404,Wongrowitzer Steig,Autobus,['A 27'],,,
405,Zentralschule,Autobus,['A 22'],"52.43465069286089, 13.703692212644038",nan,['A22']+ A22+ A22+ A22+ ['A22']+ ['22']+ ['61']+ 61+ 61+ 61
406,"Ziegenhals, VA-Dienststelle",Autobus,['Schmöckwitz - Ziegenhals'],,,
407,lindenstrasse/Hegelschule,strassenbahn,['82'],,,
