,line_name,Stops,Frequency_7-30,Length (time),type,east-west,year
1,2,Bernauer Strasse Ecke Wolliner Strasse - Voltastrasse Ecke Watt Strasse - Weddingplatz - Rathenower Strasse Ecke Perleberger Strasse - Alt-Moabit Ecke Rathenower Strasse - Stromstrasse Ecke Alt-Moabit - Gotzkowskybrücke - Ernst-Reuter-Platz - Bhf. Zoo - Wittenbergplatz - Grunewaldstrasse Ecke Martin-Luther-Strasse - Rathaus Schöneberg - Hauptstrasse Ecke Dominicusstrasse - Kaiser-Wilhelm-Platz - GotenStrasse,15.0,60.0,strassenbahn,West,1961
2,3,Grüntaler Straße Ecke Osloer Strasse - U-Bhf. Seestrasse - Bhf. Beusselstrasse - Gotzkowskystrasse Ecke Turmstrasse - Wiebestrasse Ecke Kaiserin-Augusta-Allee - Tauroggener Strasse Ecke Osnabrücker Strasse - Luisenplatz - Wilmersdorfer Strasse Ecke Otto-Suhr-Alle - Wilmersdorfer Strasse Ecke Kurfürstendamm - Fehrbelliner Platz - Berliner Strasse Ecke Bundesallee - Grunewaldstrasse Ecke Martin-Luther-Strasse - Potsdamer Strasse Ecke Pallasstrasse - Mehringdamm Ecke Yorck Strasse - U-Bhf. Südstern - Hermannplatz - Wilderbruchstrasse Ecke Sonnenallee - Elsenstraße Ecke Heidelberger Strasse,10.0,87.0,strassenbahn,West,1961
7,15,Daimlerstrasse - Bhf. Marienfelde - Körtingstrasse Ecke Großbeerenstrasse - Mariendorfer Damm - Imbrosweg - Mariendorfer Friedhof - Industriestrasse - Germaniastrasse - Frauenklinik - Hermannstrasse - U-Bhf. Neukölln - Richardstrasse - Bhf. Sonnenallee - Dammweg - Schulenburgpark,15.0,36.0,strassenbahn,West,1961
9,26,Spreewaldplatz - Reichenberger Strasse - Glogauer Strasse - Sonnenallee - Hermannplatz - Weichselstrasse - Rathaus Neukölln - Karl-Marx-Platz - U-Bhf. Neukölln - Silbersteinstrasse - Hermannstrasse - Städtische Frauenklinik - Germaniastrasse - Bhf. Teltowkanal - Industriestrasse,15.0,30.0,strassenbahn,West,1961
10,27,"Spreewaldplatz - Hermannplatz - U-Bhf. Boddinstrasse - U-Bhf. Leinestrasse - Bhf. Hermannstrasse - Mariendorfer Weg Ecke Hermannstrasse - Germaniapromenade Ecke Britzer Damm - Franz-Körner-Strasse Ecke Britzer Damm - Britzer Damm Ecke Gradestrasse - Tempelhofer Weg Ecke Britzer Damm - Mohriner Allee Ecke Buckower Damm - Gutschmidtstrasse Ecke Buckower Damm - Kleinbahn, Buckower Damm - Dachdeckerweg Ecke Buckower Damm - Parkfriedhof Neukölln, Buckower Damm - Alt-Buckow Ecke Buckower Damm",15.0,30.0,strassenbahn,West,1961
12,47,Hermannplatz - Weichselstrasse - Rathaus Neukölln - Karl-Marx-Platz - U-Bhf. Neukölln - Silbersteinstrasse - U-Bhf. Grenzallee - Buschkrug - Onkel-Herse-Strasse - Parchimer Allee - Krankenhause Neukölln - Johannisthaler Chaussee - Wildmeisterdamm - Stubenrauchstrasse - Köpenicker Strasse - Bahnhofstrasse,10.0,34.0,strassenbahn,West,1961
14,53,"Richard-Wagner-Platz - Luisenplatz - Klausenerplatz - Königin-Elisabeth-Strasse - Kirschenallee - Schloss Ruhwald - U-Bhf. Ruhleben - Teltower Strasse - Bhf. Spandau - Spandau, Markt - Hafenplatz - Lynastrasse Ecke Neuendorfer Strasse - Hohenzollernring - Hakenfelde",20.0,42.0,strassenbahn,West,1961
15,54,"Richard-Wagner-Platz - Luisenplatz - Klausenerplatz - Königin-Elisabeth-Strasse - Kirschenallee - Schloss Ruhwald - U-Bhf. Ruhleben - Teltower Strasse - Bhf. Spandau - Spandau, Markt - Hafenplatz - Lynastrasse Ecke Neuendorfer Strasse - Hohenzollernring - Johannesstift",20.0,43.0,strassenbahn,West,1961
16,55,"Nollendorfplatz - Wittenbergplatz - Bhf. Zoo - U-Bhf. Ernst-Reuter-Platz - Cauerstrasse - Richard-Wagner-Platz - Luisenplatz - OsnaBrücker Strasse - Bhf. Jungfernheide - Jakob-Kaiser-Platz - Quellweg - Paulsternstrasse - Zitadellenweg - Spandau, Markt - Rathaus Spandau - Nauener Strasse",12.0,54.0,strassenbahn,West,1961
17,60,Königin-Elisabeth-Strasse - Sophie-Charlotten-Platz - Stuttgarter Platz - Fehrbelliner Platz - Bundesallee - Rathaus Schöneberg - Hauptstrasse (Schöneberg) - Bhf. Papestrasse - Eythstrasse,15.0,49.0,strassenbahn,West,1961
20,66,Belziger Strasse - Hauptstrasse (Schöneberg) - Innsbrucker Platz - Traegerstrasse - Ceciliengärten - Rembrandtstrasse - Canovastrasse (Krankenhaus) - Thorwaldsenstrasse - Bergstrasse,10.0,12.0,strassenbahn,West,1961
25,73,Bhf. Lichterfelde-Ost - Wiesenbaude  - Moltkestrasse - Händelplatz - Schlossstrasse - Rathaus Steglitz - Bundesallee Ecke Rheinstrasse - Kaisereiche - Lauterplatz - Innsbrucker Platz - Dominicusstrasse - Albertstrasse - Kaiser-Wilhelm-Platz - U-Bhf. Bülowstrasse - Lützowstrasse - Potsdamer Platz,20.0,42.0,strassenbahn,West,1961
26,74,Finckensteinallee - Wiesenbaude - Moltkestrasse - Händelplatz - Schlossstrasse - Rathaus Steglitz - Bundesallee - Kaisereiche - Lauterplatz - Innsbrucker Platz - Dominicusstrasse - Albertstrasse - Kaiser-Wilhelm-Platz - U-Bhf. Bülowstrasse - Lützowstrasse - Potsdamer Platz ,20.0,39.0,strassenbahn,West,1961
29,75,"Bhf. Zoo, Kantstrasse - Wilmersdorfer Strasse - Amtsgericht - Messedamm - Reichskanzlerplatz - Bhf. Heerstrasse - Reichssportfeldstrasse - StößenseeBrücke - Pichelsdorfer Strasse - Weverstrasse, Strassenbahnhof - Seeburger Strasse - Rathaus Spandau - Spandau, Markt - Hafenplatz - Hohenzollernring - Hakenfelde",20.0,59.0,strassenbahn,West,1961
30,76,"Bhf. Zoo, Kantstrasse - Wilmersdorfer Strasse - Amtsgericht - Messedamm - Reichskanzlerplatz - Bhf. Heerstrasse - Reichssportfeldstrasse - StößenseeBrücke - Pichelsdorfer Strasse - Weverstrasse, Strassenbahnhof - Seeburger Strasse - Rathaus Spandau - Spandau, Markt - Hafenplatz - Hohenzollernring - Johannesstift",20.0,60.0,strassenbahn,West,1961
31,77,Bhf. Zoo - Wittenbergplatz - Grunewaldstrasse - Bundesallee - Bundesplatz - Friedrich-Wilhelm-Platz - Schlossstrasse - Rathaus Steglitz - Hindenburgdamm - Händelplatz - Bhf. Botanischer Garten - Bhf. Lichterfelde-West - Rittberg-Krankenhaus - Wismarer Strasse - Goerzallee,20.0,49.0,strassenbahn,West,1961
32,78,Bhf. Zoo - Wittenbergplatz - Grunewaldstrasse - Bundesallee - Bundesplatz - Friedrich-Wilhelm-Platz - Schlossstrasse - Rathaus Steglitz - Hindenburgdamm - Händelplatz - Bhf. Botanischer Garten - Bhf. Lichterfelde-West - Rittberg-Krankenhaus - Goerzallee - Lichterfelde-West Lindenstrasse,20.0,48.0,strassenbahn,West,1961
41,95,Mehringplatz - Zossener Strasse Ecke Blücherstrasse - Baerwaldstrasse Ecke Urbanstrasse - Hermannplatz - Erkstrasse Ecke Sonnenallee - Hertzbergplatz - Bhf. Sonnenallee - Dammweg Ecke Sonnenallee - Schulenburgpark - Schwarzer Weg Ecke Sonnenallee,15.0,26.0,strassenbahn,West,1961
42,96,"Lindenstrasse - Mehringplatz - Yorckstrasse - U-Bhf. Flughafen - Adolf-Scheidt-Platz - Berlinickeplatz - Attilaplatz - Bhf. Mariendorf - Lankwitz, Kirche - Sydlitzstrasse Ecke Kaiser-Wilhelm-Strasse - Bhf. Lichterfelde-Ost - Ostpreußendamm Ecke Morgenstern Strasse - Giesendorferstrasse Ecke Ostpreußendamm - Wismarer Strasse Ecke Ostpreußendamm - Schwelmer Strasse Ecke Ostpreußendamm",15.0,45.0,strassenbahn,West,1961
43,A 1,Waldstrasse Ecke Turmstrasse - Otto-Suhr-Allee - Kurfürstendamm Ecke Konstanzer Strasse - U-Bhf. Fehrbelliner Platz - Detmolder Strasse - Breitenbachplatz - Botanischer Garten - Pacelli-/Thielallee - Clayallee - U-Bhf. Oskar-Helene-Heim - Potsdamer Strasse Ecke Clayallee - Bhf. Zehlendorf - Beeskowdamm - Wismarer Strasse - Lichterfelde-West Lindenstrasse,15.0,58.0,bus,West,1961
44,A 2,"Ernst-Reuter-Platz, Straße des 17. Juni - Ernst-Reuter-Platz - Bhf. Zoo - Spichernstrasse Ecke Bundesallee - Berliner Strasse Ecke Bundesallee - Bundesplatz - Friedrich-Wilhelm-Platz - Schloßstrasse Ecke Feuerbachstrasse - Bergstrasse Ecke Bismarckstrasse - Steglitzer Damm Ecke Halske Strasse - Leonorenstrasse Ecke Siemensstrasse - Lankwitz, Kirche - Havensteinstrasse Ecke Gallwitzallee - Lerbacher Weg Ecke Gallwitzallee - Trippsteinstrasse",15.0,40.0,bus,West,1961
45,A 3,"Rathaus Zehlendorf - Winifriedstrasse Ecke Clayallee - U-Bhf. Oskar-Helene-Heim - U-Bhf. Onkel-Toms-Hütte - U-Bhf. Krumme Lanke - Bhf. Lindenthaler Allee - Benschallee Ecke Potsdamer Chaussee - Schopenhauer-Strasse Ecke Spanische Allee - Bhf. Nikolassee - Am Beelitzhof - Bhf. Wannsee - Am Großen Wannsee Ecke Königstrasse - Pfaueninsel-Chaussee Ecke Königstrasse - Rathaus Wannsee - Stölpchensee, Wilhelmplatz",10.0,39.0,bus,West,1961
46,A 10,"Haselhorst, Kirche - Paulsternstrasse - Verwaltungs-Gebäude - Spandauer Damm - U-Bhf. Kaiserdamm - Amtsgerichsplatz - Kurfürstendamm - Bhf. Halensee - Elsterplatz - Hundekehlestrasse - Königin-Luise-Strasse - U-Bhf. Thielplatz - Dahlemer Weg - Teltower Damm - Behring-Krankenhaus - Lupsteiner Weg",10.0,62.0,bus,West,1961
47,A 11,Saargemünder Strasse - U-Bhf. Oskar-Helene-Heim - Ihnestrasse - Corrensplatz - Unter den Eichen Ecke Habelschwerdter Allee - Bhf. Lichterfelde-West - Ringstrasse - Wiesenbaude - Unter den Eichen Ecke Drakestrasse - Marienstrasse - Morgensternstrasse Ecke Wilhelmstrasse - Bhf. Lichterfelde-Ost - Lange Strasse - Hildburghauser Strasse - Apoldaer Strasse Ecke Sonderhauser Strasse - Trippsteinstrasse,7.5,30.0,bus,West,1961
48,A 12,Gartenstrasse Ecke Bernauer Strasse - Grenzstrasse - U-Bhf. Leopold-Platz - U-Bhf. Seestrasse - Bristolstrasse - Emmentaler Strasse - Lindauer Strasse - Lindenweg - Holzhauser Strasse - Cyclopstrasse - Zabel-Krüger-Damm - Kirchstrasse - Hermsdorfer Damm - Bhf. Frohnau - Donnersmarckplatz - Hainbuchenstrasse,20.0,54.0,bus,West,1961
49,A 13,Alt-Heiligensee - Am Dachsbau - Gabelung - Ruppiner Chaussee - U-Bhf. Tegel - Bernauer Strasse - Krankenhaus Tegel-Süd - Strasse nach Staatwinkel - Paulsternstrasse - Daumstrasse - Carl-Schurz-Strasse Ecke Am Juliusturm - Rathaus Spandau - Klosterstraße Ecke Seeburger Straße - Päwesiner Weg Ecke Seeburgerstrasse - Heerstrasse - Weinmeisterhornweg,15.0,59.0,bus,West,1961
50,A 14,Alt-Heiligensee - Mattenbuder Pfad - Bhf. Heiligensee - Bhf. Schulzendorf - Heiligenseestrasse - U-Bhf. Tegel - Ziekowstrasse - Holzhauser Strasse - Lindenweg - Aroser Allee - Kopenhagener Strasse - Pankower Allee - Pankstrasse - U-Bhf. Gesundbrunnen - Rügener Strasse,15.0,53.0,bus,West,1961
51,A 15,Lübarser Strasse - Bhf. Wittenau - Alt-Wittenau - Tor 5 - Bhf. Eichbornstrasse - Holzhauser Strasse - Borsigwalder Weg  - Gorkistrasse - U-Bhf. Tegel - Hermsdorfer Damm - Am Fließ  - Schulzendorfer Strasse - Bhf. Hermsdorf - Dominikus-Krankenhaus - Donnersmarckplatz - Bhf. Frohnau,15.0,41.0,bus,West,1961
52,A 16,Louise-Schroeder-Platz - U-Bhf. Seestrasse - Afrikanische Strasse - Virchow-Krankenhaus - Bhf. PutlitzStrasse - TurmStrasse - Hansaplatz - Tiergartenstrasse - Lützowplatz - EinemStrasse - Rathaus Sch neberg - Innsbrucker Platz - Bundesplatz - Wiesbadener Strasse - Breitenbachplatz - Englerallee,10.0,44.0,bus,West,1961
53,A 17,Bhf. Grunewald - Hagenplatz - Rosenecke - Warnem nder Strasse - U-Bhf. Rüdesheimer Platz - Friedriche-Wilhelm-Platz - Bundesallee - Rathaus Steglitz - Stadtpark - LeonorenStrasse - Stadion Lichterfelde - Wilhelmstrasse - Morgensternstrasse Ecke Wilhelmstrasse - Oberhofer Platz  - Saaleckplatz,10.0,46.0,bus,West,1961
54,A 18,Saargemünder Strasse - U-Bhf. Oskar-Helene-Heim - Sophie-Charlotten-Strasse - Scharfestrasse - Potsdamer Strasse Ecke Clayallee - Mittelstrasse - Wolzogenstrasse - Benschallee - Waldfriedhof - Quantzstrasse - Kronprinzessinen Weg - Am Grossen Wannsee - Pfaueninsel-Chaussee - Rathaus Wannsee - St lpchensee - Kohlhasenbr ck,20.0,32.0,bus,West,1961
55,A 19,Roseneck - Hagenplatz - Erdener Strasse - Bhf. Halensee - Wilmersdorfer Strasse - Olivaer Platz - Joachimstaler Strasse - Breitscheidplatz - Wittenbergplatz - Nollendorfplatz - Potsdamer Strasse Ecke Bülowstrasse - Bhf. Yorckstrasse - Katzbachstrasse - Mehringdamm - U-Bhf. Flughafen - Flughafen,10.0,40.0,bus,West,1961
56,A 20,"Tegelort - Walderseestrasse - Falkenplatz - Mühlenstrasse - Heiligenseestrasse - Karolinenstrasse - U-Bhf. Tegel - Hatzfeldallee - Martin-Luther-Friedhof - Freie Scholle - Waldstrasse - Bhf. Waidmannslust - Oraniendamm - Am Vierrutenbert - Lübars, Dorfaue",15.0,36.0,bus,West,1961
57,A 21,Wentowsteig - Oranienburger Strasse - Alt-Wittenau - Bhf. Eichbornstrasse - Scharnweberstrasse - Kurt-Schumacher-Platz - Kaserne Südtor - Heckerdamm - Bhf. Jungfernheide - Luisenplatz - Kantstrasse - Stuttgarter Platz - Amtsgericht Charlottenburg - Kurfürstendamm - Bhf. Hohenzollerndamm - U-Bhf. Fehrbelliner Platz,15.0,49.0,bus,West,1961
60,A 24,Wiebestrasse - GotzkowskyStrasse - StromStrasse - Rathenower Strasse - Alt-Moabit - John-Foster-Dulles-Allee - Tiergartenstrasse - Lützowplatz - Potsdamer Strasse - Hafenplatz - Askanischer Platz - U-Bhf. Hallesches Tor - Gneisenaustrasse - Columbiadamm - Tempelhofer Damm - Flughafen,5.0,43.0,bus,West,1961
61,A 25,Unionplatz - Gotzkowskybrücke - Hansaplatz - U-Bhf. Ernst-Reuter-Platz - Bhf. Zoo - Pariser Strasse Ecke Bundesallee - Berliner Strasse Ecke Bundesallee - Bundesplatz - Kaisereiche - Grazer Platz - Attilaplatz - Tempelhofer Damm Ecke Friedrich-Karl-Strasse - Gottlieb-Dunkel-Strasse Ecke Tempelhofer Weg - Tempelhofer Weg Ecke Britzer Damm - Grüner Weg - Gutschmidtstrasse,10.0,63.0,bus,West,1961
64,A 28,Loewenhardtdamm - Dudenstrasse - Kreuzbergstrasse - Yorckstrasse - Mehringdamm - Zossener Strasse - Südstern - Urban-Krankenhause - U-Bhf. Prinzenstrasse - U-Bhf Kottbusser Tor - Oranienstrasse - Waldemarstrasse - Mariannenplatz - Köpenickerstrasse Ecke Manteuffelstrasse - U-Bhf. Schlesisches Tor - Heckmannufer,7.5,29.0,bus,West,1961
65,A 29,Roseneck - Berkaer Strasse - BSC-Sportplatz - Bismarckplatz - Bhf. Halensee - Joachim-Friedrich-Strasse - Wilmersdorfer Strasse - Olivaer Platz - Uhlandstrasse - Joachimstaler Strasse - Breitscheidplatz - Wittenbergplatz - Lutherstrasse - Lützowstrasse - Potsdamer Strasse - Askanischer Platz,10.0,32.0,bus,West,1961
66,A 31,Machandelweg - U-Bhf. Ruhleben - Friedhof Ruhleben - Kinderheim Ruhleben - Teltower Strasse - Grenadierstrasse - Stresowplatz - Breite Strasse - Rathaus Spandau - Brunsb tteler Damm - Nauener Strasse - Egelpfuhlstrasse - Magistratsweg - Spandauer Strasse - Hackbuschstrasse - Heidebergplan,12.0,27.0,bus,West,1961
67,A 32,"Breitenbachplatz - GritznerStrasse - SchlossStrasse - Rathaus Steglitz - SedanStrasse - StindeStrasse - LeonorenStrasse - Lankwitz, Kirche - Marienfelder Strasse - Marchandstrasse - Marienfelder Allee - Stegerwaldstrasse - Bhf. Marienfelde",5.0,28.0,bus,West,1961
68,A 33,Bhf. Steglitz - Breite Strasse - Klingsorstrasse - Sedanstrasse - Bismarckstrasse - Halskestrasse - Bhf. Südende - Bhf. Mariendorf - Kurfürstenstrasse - Kaiserstrasse/Ringstrasse - Rathaus Mariendorf - Kaiserstrasse,10.0,15.0,bus,West,1961
69,A 34,"Spandau, Friedhof - Askanierring - Hafenplatz - Rathaus Spandau - Wilhelmstrasse Ecke Pichelsdorferstrasse - Adamstrasse - Heerstrasse - Weinmeisterhornweg - Ortsgrenze Gatow - Gatow, Kirche - Großglienicker Weg - Krankenhaus Hohengatow - Krankenhaus Havelhöhe - Alt-Kladow - Schwiezerhaus - Gutshof",30.0,45.0,bus,West,1961
70,A 35,"Germersheimer Platz - Askanierring - Rathaus Spandau - Wilhelmstrasse Ecke Pichelsdorferstrasse - Adamstrasse - Heerstrasse - Gatower Strasse - Weinmeisterhornweg - Ortsgrenze Gatow - Gatow, Kirche - Großglienicker Weg - Krankenhaus Hohengatow - Krankenhaus Havelh he - Alt-Kladow - Krampnitzer Weg - Hottengrund",30.0,38.0,bus,West,1961
73,A 4,Brixplatz - Reichskanzlerplatz - Messedamm - Bhf. Halensee - Hochmeisterplatz - U-Bhf. Fehrbelliner Platz - Bundesallee Ecke Badensche Strasse - Rathaus Schöneberg - Innsbrucker Platz - Dominicusstrasse - Kaiser-Wilhelm-Platz - U-Bhf. Flughafen - Friesenstrasse - U-Bhf. Boddinstrasse - Erkstrasse Ecke Sonnenallee - Harzer Strasse,10.0,56.0,bus,West,1961
81,A 48,Potsdamer Strasse Ecke Fischerhüttenstrasse - Teltower Damm - Sundgauer Strasse - Dahlemer Weg - Drakestrasse - Hindenburgdamm - Rathaus Steglitz - Bundesallee - Kaisereiche - Innsbrucker Platz - Dominicusstrasse - Kaiser-Wilhelm-Platz - Goeben-/Pallasstrasse - U-Bhf. Bülowstrasse - Lützowstrasse - Margaretenstrasse,10.0,38.0,bus,West,1961
83,A 5,Machandelweg - U-Bhf. Ruhleben - Friedhof Ruhleben - Hauptkinderheim - Teltower Strasse - Grenadierstrasse - Stresowplatz - Breite Strasse - Rathaus Spandau - Bhf. Spandau-West - Hochgerichtstrasse - Falkenseer Chaussee - Viersener Strasse - Wolburgsweg - Stadtrandstrasse - Waldkrankenhaus,10.0,24.0,bus,West,1961
84,A 50,Roseneck - Hohenzollerndamm - Elsterplatz - Forckenbeckstrasse - Flinsberger Platz - Cunostrasse - Bhf. Hohenzollerndamm - Konstanzer Strasse - Ruhrstrasse - Fehrbelliner Platz - Emser Platz - Uhlandstrasse - Nassauische Strasse - Prager Platz,10.0,15.0,bus,West,1961
85,A 51,Bhf. Wannsee - Königstrasse/Kronprinzessinnenweg - Am Grossen Wannsee - KoblanckStrasse - Colomierstrasse - Krankenhaus Wannsee - Zum Heckeshorn - Krankenhaus Heckeshorn,30.0,10.0,bus,West,1961
86,A 52,Alt-Marienfelde - Gutshof Marienfelde - Bhf. Buckower Chaussee - Lichtenrader Damm - Bühler Weg - Buckower Friedhof - Buckower Damm - Grüner Weg - Triftweg - Rudower Strasse - Efeuweg - Wildmeisterdamm - Köpenicker Strasse - Friedhof Rudow - Kanalstrasse - Mimosenweg,30.0,37.0,bus,West,1961
87,A 53,Schlachtensee - Waldemarplatz - Bhf. Lindenthaler Allee - U-Bhf. Krumme Lanke - Hartmannsweiler Weg - Potsdamer Strasse Ecke Fischerhüttenstrasse - Teltower Damm - Bhf. Zehlendorf - Knesebeckstrasse - Jänickestrasse - Dahlemer Weg - Osteweg - 4. Ring - Luzerner Strasse - Thuner Platz,20.0,26.0,bus,West,1961
91,A 6,Bhf. Wannsee - Königstrasse - Am Grossen Wannsee - Endestrasse - Pfaueninsel-Chaussee - Rathaus Wannsee - Friedenstrasse - Schäferberg - Nikolskoer Weg - Schloss Glienicke - Glienicker Brücke,60.0,13.0,bus,West,1961
92,A 60,"Roseneck, Hundekehl - Warnemünder/Berkaer Strasse - Zappoter/Oeynhauser Strasse - Hamburger Strasse, Rudolf-Mosse-Platz - U-Bhf. Heidelberger Platz - Brabanter Platz - Am Volkspark - Berliner Strasse - Postamt - Güntzelstrasse - Ludwigkirchstrasse/Pariser Strasse - Kurfürstendamm - Joachimstaler Strasse - Breitscheidplatz - Wittenbergplatz",10.0,25.0,bus,West,1961
93,A 61,"ZobeltitzStrasse - U-Bhf. Scharnweberstrasse, Sportplatz - Schillingstrasse - U-Bhf. Kurt-Schumacher-Platz - Humboldtstrasse - Sebastianfriedhof - Teichstrasse - Aroser Allee - Osloer Strasse - Exerzierstrasse - Pankstrasse - Bhf. Gesundbrunnen - Rügener Strasse - Bernauer Strasse - Gartenplatz, Feldstrasse",10.0,32.0,bus,West,1961
94,A 62,Wittenau - Alt-Wittenau - Bonhoeffer-Heim - Auguste-Viktoria-Allee - U-Bhf. Kurt-Schumacher-Platz - Saatwinkler Damm - Heckerdamm - Bhf. Jungfernheide - Luisenplatz - Richard-Wagner-Platz - Leibnizstrasse Ecke Otto-Suhr-Allee - U-Bhf. Ernst-Reuter-Platz - Bhf. Zoo - Marburger Strasse - Wittenbergplatz,10.0,38.0,bus,West,1961
95,A 63,Radelandstrasse - Bötzowbahn - Kisselnallee Ecke Radelandstrasse - ZweiBrücker Strasse - Askanierring - Bezirksamt - Rathaus Spandau - Bhf. Spandau-West - Staakener Strasse - Hochgerichtstrasse - Viersener Strasse - Dyotzer Strasse - Leuthingerweg - Strasse 393 - Seegefelder Weg,30.0,30.0,bus,West,1961
96,A 64,Bernauer Strasse Ecke Wolliner Strasse - Demminer Strasse Ecke Brunnenstrasse - Ramlerstrasse Ecke Brunnenstrasse - U-Bhf. Gesundbrunnen - Prinzenallee Ecke Badstrasse - Schwedenstrasse Ecke Exerzierstrasse - Schulstrasse Ecke Exerzierstrasse - Reinickendorfer Strasse Ecke Schulstrasse - Leopoldplatz - Tegeler Strasse Ecke Trifstrasse - Augustenburger Platz - Seestrasse Ecke Afrikanische Strasse - Transvaalstrasse Ecke Africkanische Strasse - Nachtigalplatz,10.0,22.0,bus,West,1961
97,A 65,Goebelplatz - Kurt-Schumacher-Damme - Bhf. Jungfernheide - Landgericht - SchlossBrücke - Luisenplatz - Bhf. Westend - Königin-Elisabeth-Strasse - U-Bhf. Kaiserdamm - Masurenallee - Rathenauplatz - Bhf. Hohenzollerndamm - U-Bhf. Heidelberg Platz - Bundesplatz - Innsbrucker Platz - Bhf. Schöneberg - Alt-Tempelhof Ecke Tempelhofer Damm - Hermannstrasse Ecke Silbersteinstrasse - Bhf. Neukölln - Bhf. Sonnenallee,10.0,56.0,bus,West,1961
98,A 66,"Doppel-Süd, Berlepschstrasse - Andreezeile - Machnower Strasse Ecke Berlepschstrasse - Rathaus Zehlendorf - Clayallee Ecke Berliner Strasse - Schützallee Ecke Onkel-Tom-Strasse - U-Bhf. Onkel-Toms-Hütte",20.0,13.0,bus,West,1961
99,A 67,"Jerusalems-Kirche, Lindenstrasse - Moritzplatz - Oranienplatz - U-Bhf. Kottbusser Tor - Kottbusser Brücke - Hohenstaufenplatz - Hermannplatz - Reuterstrasse - Fuldastrasse - Erkstrasse - Hertzbergplatz - Bhf. Sonnenallee - Dammweg - Neuköllnische Allee - Am Oberhafen - U-Bhf. Grenzallee",10.0,25.0,bus,West,1961
100,A 68,Clayallee Ecke Königin-Luise-Strasse - Vogelsang - Thielallee/Pacelliallee - U-Bhf. Dahlem-Dorf - Arnimallee - Botanischer Garten - Lepsiusstrasse - Rathaus Steglitz - Breite Strasse - Bergstrasse - Bergstrasse Ecke Bismarckstrasse - Munsterdamm Ecke Grazer Damm - Alboinstrasse Ecke Arnulfstrasse - Attilaplatz - Tempehofer Damm Ecke Friedrich-Karl-Strasse - Kaiserin-Augusta-Strasse Ecke Tempelhofer Damm - Alt-Tempelhof Ecke Tempelhofer Damm - Bhf. Tempelhof,15.0,36.0,bus,West,1961
101,A 69,Eichkamp - Trabener Strasse - Bhf. Halensee - Joachim-Friedrich-Strasse Ecke Kurfürsten Damm - Wilmersdorfer Strasse Ecke Kurfürstendamm - Leibnizstrasse Ecke Kurfürstendamm - Bleibtreustrasse Ecke Kurfürstendamm - Uhlandstrasse Ecke Kurfürstendamm - Joachimstaler Strasse Ecke Kurfürstendamm - Nürnberger Strasse Ecke Kurfürstenstrasse - Nettelbeckstrasse  - Lützowplatz - Tiergartenstrasse - Großer Stern - Kongreßhalle,20.0,29.0,bus,West,1961
103,A 70,"Bhf. Wollankstrasse - Osloer Strasse - Badstrasse - Wiesenstrasse - Bhf. Wedding - Weddingplatz - Am Nordhafen - Rathenower Strasse - Turmstrasse/Rathenower Strasse - Krankenhaus Moabit - Stromstrasse - Rathaus Tiergarten - Waldstrasse/Gotzkowskystrasse - Reuchlinstrasse - Wiebestrasse, Strassenbahnhof",10.0,28.0,bus,West,1961
104,A 71,"Bhf. Wilhelmsruh - Lindauer Strasse - Emmentaler Strasse - Schäfersee, Pankower Allee - Letteplatz, Strassenbahnhof - Provinzstrasse/Pankower Allee - Ritterlandweg - Prinzenallee/Soldiner Strasse - Osloer Strasse - Badstrasse/Prinzenallee - Bhf. Gesundbrunnen - Ramlerstrasse - Rügener Strasse - Usedomer Strasse - Bernauer Strasse/Brunnenstrasse - Bernauer Strasse Ecke Wolliner Strasse",15.0,22.0,bus,West,1961
105,A 72,"Alt-Reinickendorf Ecke Rödern Allee - Lindauer Strasse Ecke Residenzstrasse - Pankower Allee Ecke Residenzstrasse - Luise-Schröder-Platz - Nauener Platz - Weddingplatz - Rathenower Strasse Ecke Perleberger Strasse - Turmstrasse Ecke Stromstrasse - Waldstrasse Ecke Turmstrasse - Wiebestrasse Ecke Kaiserin-Augusta-Allee - Tauroggener Strasse Ecke Osnabrücker Strasse - Landgericht - Jakob-Kaiser-Platz - Quellweg Ecke Nonnendamm Allee - Nonnendammallee, Siemensstadt",15.0,41.0,bus,West,1961
106,A 73,Bhf. Zoo - Wittenbergplatz - Motzstrasse - Grunewaldstrasse - Rathaus Schöneberg - Hauptstrasse Ecke Dominicusstrasse - Bhf. Schöneberg - Bhf. Papestrasse - Berlinickeplatz - Alt-Tempelhof Ecke Tempelhofer Damm - Rohdestrasse Ecke Germaniastrasse - Gottlieb-Dunkel-Strasse Ecke Tempelhofer Weg - Britzer Damm Ecke Gradestrasse - Buschkrug Alle Ecke Blaschko-Allee,12.0,36.0,bus,West,1961
107,A 74,Königin-Elisabeth-Strasse - Spandauer Damm - Klausenerplatz - Schlossstrasse Ecke Seelingstrasse - Kaiser-Friedrich-Strasse - Stuttgarter Platz - Kurfürstendamm Ecke Konstanzer Strasse - Fehrbelliner Platz - Bundesallee - Martin-Luther-Strasse Ecke Grunewaldstrasse - Rathaus Schöneberg - Hauptstrasse (Schöneberg) - Bhf. Papestrasse - Bosestrasse - Eythstrasse,15.0,40.0,bus,West,1961
108,A 75,Munsterdamm Ecke Steglitzer Damm - Bergstrasse Ecke Bismarckstrasse - Lauenburger Platz - Kaisereiche - Innsbrucker Platz - Hauptstrasse Ecke Dominicusstrasse - Kaiser-Wilhelm-Platz - U-Bhf. Bülowstrasse - Am Karlsbad - Askanischer Platz - U-Bhf. Kochstrasse - Oranienstrasse - U-Bhf. Moritzplatz - Skalitzer Strasse - Spreewaldplatz - Wiener Brücke,10.0,42.0,bus,West,1961
109,A 76,Blohmstrasse Ecke Wünsdorfer Strasse - Bhf. Lichtenrade - Marienfelder Strasse Ecke Lichtenrader Damm - Goethestrasse Ecke Lichtenrader Damm - Buckower Chaussee Ecke Lichtenrader Damm - Rennbahn - Alt-Mariendorf Ecke Tempelhofer Damm - Kaiserstrasse Ecke Mariendorfer Damm - Burgemeister Strasse Ecke Tempelhofer Damm - Alt-Tempelhof Ecke Tempelhofer Damm - U-Bhf. Tempelhof - Thuyring - Flughafen Tempelhof - Platz der Luftbrücke,10.0,36.0,bus,West,1961
110,A 77,Daimlerstrasse - Bhf. Marienfelde - Körtingstrasse - Mariendorfer Damm - Kaiserstrasse Ecke Mariendorfer Damm - Markgrafenstrasse Ecke Mariendorfer Damm - Burgemeister Strasse Ecke Tempelhofer Damm - Rathaus Tempelhof - Alt-Tempelhof Ecke Tempelhofer Damm - U-Bhf. Tempelhof - Thuyring - Paradestrasse - Flughafen Tempelhof - Platz der Luftbrücke,10.0,25.0,bus,West,1961
118,A S1,Bhf. Zoo - U-Bhf. Ernst-Reuter-Platz - Cauerstrasse - Luisenplatz - Fürstenbrunner Weg - Schloss Ruhwald - U-Bhf. Ruhleben - Teltower Strasse - Rathaus Spandau - Hafenplatz - Lynastrasse - Klinkeplatz - Hohenzollernring,15.0,28.0,bus,West,1961
119,A S2,"Bhf. Zoo - HardenbergStrasse - Kurfürstendamm - Rankeplatz, Bundeshaus - Berliner Strasse - Bundesplatz - Schlossstrasse, Wilhelm-Schreiber-Platz - Canovastrasse - Attilaplatz - Mariendorfer Damm - Alt-Mariendorf - Tauernallee, Adlermühle - Buckower Chaussee - Lichtenrade, Goethestrasse - Goltzstrasse - Bhf. Lichtenrade - Lichtenrade, Blohmstrasse Ecke  Wünsdorfer Strasse",20.0,40.0,bus,West,1961
120,A S3,"Bhf. Zoo - HardenbergStrasse - Kurfürstendamm - Rankeplatz/Bundeshaus - U-Bhf. Fehrbelliner Platz - Bhf. Hohenzollerndamm - Berkaer Strasse, Elsterplatz - Roseneck - Pücklerstrasse - Königin-Luise-Strasse - U-Bhf. Oskar-Helene-Heim - Sundgauer Strasse - Winfriedstrasse - Clayallee/Teltower Damm - Rathaus Zehlendorf",15.0,24.0,bus,West,1961
122,A I,Gleisdreieck - Bülowstr. - Nollendorfplatz - Wittenbergplatz - Zoologischer Garten - Ernst-Reuter-Platz - Deutsche Oper (Bismarckstr.) - Sophie-Charlotte-Platz - Kaiserdamm (Messedamm) - Reichskanzlerplatz,10.0,18.5,u-bahn,West,1961
123,A II,Kottbusser Tor - Prinzenstrasse - Hallesches Tor - Möckernbrücke - Gleisdreieck - Kurfürstenstrasse - Nollendorfplatz - Wittenbergplatz - Augsburger Str. - Spichernstr. (Bundesallee) - Hohenzollernplatz - Fehrbelliner Platz - Heidelberger Platz - Rüdesheimer Platz - Breitenbachplatz - Podbielskiallee - Dahlem-Dorf - Thielplatz - Oskar-Helene-Heim - Onkel Toms Hütte - Krumme Lanke,10.0,36.5,u-bahn,West,1961
124,A III,Deutsche Oper (Bismarckstr.) - Richard-Wagner-Platz,10.0,1.5,u-bahn,West,1961
125,B I,Schlesisches Tor - Görlitzer Bahnhof (Oranienstr.) - Kottbusser Tor - Prinzenstr. - Hallesches Tor - Möckernbrücke - Gleisdreieck - Kurfürstenstr. - Nollendorfplatz - Wittenbergplatz - Zoologischer Garten - Ernst-Reuter-Platz - Deutsche Oper (Bismarckstr.) - Sophie-Charlotte-Platz - Kaiserdamm (Messedamm) - Reichskanzlerplatz - Neu-Westend - Olympia-Stadion - Ruhleben,10.0,35.5,u-bahn,West,1961
126,B II,Schlesisches Tor - Görlitzer Bahnhof (Oranienstr.) - Kottbusser Tor - Prinzenstr. - Hallesches Tor - Möckernbrücke - Gleisdreieck - Kurfürstenstr. - Nollendorfplatz - Wittenbergplatz - Augsburger Str. - Hohenzollernplatz - Fehrbelliner Platz - Heidelberger Platz - Rüdesheimer Platz - Breitenbachplatz - Podbielskiallee - Dahlem-Dorf - Thielplatz - Oskar-Helene-Heim - Onkel Toms Hütte - Krumme Lanke,10.0,40.0,u-bahn,West,1961
127,B III,Nollendorfplatz - Viktoria-Luise-Platz - Bayerischer Platz - Rathaus Schöneberg - Innsbrucker Platz (Hauptstr.),5.0,6.0,u-bahn,West,1961
128,C I,Tegel - Borsigwerke - Holzhauser Str. - Seidelstr. (Flughafen Tegel) - Scharnweberstr. (Eichborndamm) - Kurt-Schumacher-Platz - Afrikanische Str. - Rehberge - Seestr. - Leopoldplatz - Bahnhof Wedding - Reinickendorfer Str. - Bahnhof Friedrichstr. (Stadtbahn) - Kochstr. - Hallesches Tor - Mehringdamm - Gneisenaustr. - Südstern - Hermannplatz - Rathaus Neukölln - Karl-Marx-Str. - Neukölln (Südring) - Grenzallee,5.0,40.0,u-bahn,West,1961
129,C II,Mehringdamm - Flughafen - Paradestr. - Tempelhof (Südring),5.0,5.0,u-bahn,West,1961
130,D,Gesundbrunnen - Voltastr. - Moritzplatz - Kottbusser Tor - Kottbusser Damm (Schönleinstr.) - Hermannplatz - Boddinstr. - Leinestr.,10.0,19.5,u-bahn,West,1961
133,KBS 100,Gesundbrunnen - Wedding - Putlitzstr. - Beusselstr. - Jungfernheide - Westend - Witzleben - Westkreuz - Halensee - Hohenzollerndamm - Schmargendorf - Wilmersdorf - Innsbrucker Platz - Schöneberg - Papestr. - Tempelhof - Hermannstr. - Neukölln - Sonnenallee,,,s-bahn,West,1961
134,KBS 100a,Wilmersdorf - Innsbrucker Platz - Schöneberg - Papestr. - Tempelhof - Hermannstr. - Neukölln - Köllnische Heide - Baumschulenweg - Schöneweide - Betriebsbahnhof Schöneweide - Adlershof - Grünau,,,s-bahn,West,1961
135,KBS 100c,Gartenfeld - Siemensstadt - Wernerwerk - Jungfernheide,,,s-bahn,West,1961
137,KBS 101,Spandau West - Spandau - Pichelsberg - Olympiastadion - Heerstr. - Eichkamp - Westkreuz - Charlottenburg - Savignyplatz - Zoologischer Garten - Tiergarten - Bellevue - Lehrter Stadtbahnhof - Friedrichstr.,,,s-bahn,West,1961
141,KBS 102,Wannsee - Nikolassee - Grunewald - Westkreuz - Charlottenburg - Savignyplatz - Zoologischer Garten - Tiergarten - Bellevue - Lehrter Stadtbahnhof - Friedrichstr.,,,s-bahn,West,1961
145,KBS 103a,Spandau West - Spandau - Siemensstadt-Fürstenbrunn - Jungfernheide,,,s-bahn,West,1961
146,KBS 104a,Zehlendorf - Düppel-Kleinmachnow,,,s-bahn,West,1961
147,KBS 104,Gesundbrunnen - Humboldthain - Friedrichstr. - Anhalter Bahnhof - Großgörschenstr. - Schöneberg - Friedenau - Feuerbachstr. - Steglitz - Botanischer Garten - Lichterfelde West - Sundgauer Str. - Zehlendorf - Lindenthaler Allee - Schlachtensee - Nikolassee - Wannsee,,,s-bahn,West,1961
150,KBS 105,Heiligensee - Schulzendorf (b Tegel) - Tegel - Eichbornstr. - Wittenau (Kremmener Bahn) - Reinickendorf - Schönholz - Wollankstr. - Gesundbrunnen - Humboldthain - Friedrichstr. - Anhalter Bahnhof - Yorckstr. - Papestr. - Priesterweg - Mariendorf - Marienfelde - Buckower Ch. - Lichtenrade,,,s-bahn,West,1961
152,KBS 106,Frohnau - Hermsdorf - Waidmannslust - Wittenau (Nordbahn) - Wilhelmsruh - Schönholz - Wollankstr. - Gesundbrunnen - Humboldthain - Friedrichstr. - Anhalter Bahnhof - Yorckstr. - Papestr. - Priesterweg - Südende - Lankwitz - Lichterfelde Ost - Lichterfelde Süd,,,s-bahn,West,1961
162,Wannsee<>Kladow (Betrieb durch Stern und Kreisschiffahrt),Kladow - Wannsee,60.0,20.0,Fähre,West,1961
